"","V1","V2","V3","V4","V5","V6","V7","V8","V9","V10","stno"
"1",314,49,2,5.14657534246575,14.9087301587302,4,46,1361,251,183,"C0A520"
"2",301,61,3,5.68630136986301,11.1586021505376,8,15,1394.5,272,183,"C0A530"
"3",294,66,5,6.86438356164384,12.6540404040404,11,15,1676.5,277,183,"C0A540"
"4",254,104,7,11.5890410958904,19.1402714932127,13,14,2410.5,284,183,"C0A550"
"5",300,56,9,8.4958904109589,17.2277777777778,7,47,2408,289,184,"C0A560"
"6",288,69,8,8.3027397260274,14.8553921568627,9,15,2143.5,286,183,"C0A570"
"7",308,54,3,6.10821917808219,13.7623456790123,7,16,1489,266,183,"C0A640"
"8",288,74,3,7.18219178082192,13.6536458333333,9,15,1678,277,183,"C0A650"
"9",268,90,7,9.77671232876712,19.7154696132597,10,14,1456.5,263,183,"C0A660"
"10",322,41,2,3.80547945205479,12.981308411215,4,46,980,248,183,"C0A770"
"11",256,92,17,14.6287671232877,27.5231958762887,10,14,2400.5,273,184,"C0A860"
"12",281,77,7,8.7013698630137,15.8009950248756,11,14,1717.5,273,183,"C0A870"
"13",279,84,2,7.16301369863014,14.688202247191,9,22,1250.5,268,183,"C0A880"
"14",279,85,1,7.5027397260274,14.489417989418,10,15,1459,269,183,"C0A890"
"15",280,78,7,8.74657534246575,19.0029761904762,9,16,1160.5,258,183,"C0A920"
"16",259,95,11,11.1383561643836,22.5861111111111,9,14,1593.5,263,183,"C0A931"
"17",293,71,1,5.48767123287671,11.7134502923977,8,15,792.5,261,183,"C0A940"
"18",330,34,1,3,6.97452229299363,7,28,634,255,183,"C0A950"
"19",306,57,2,4.99315068493151,10.5959302325581,11,16,803.5,260,183,"C0A970"
"20",331,34,0,3.20684931506849,10.7385321100917,8,46,722.5,249,183,"C0A980"
"21",320,44,1,3.69041095890411,12.7075471698113,4,46,932,242,183,"C0A9C0"
"22",322,41,2,4.16027397260274,11.9566929133858,7,46,1086.5,256,183,"C0A9F0"
"23",294,68,3,6.62602739726027,11.3544600938967,11,14,1442,280,183,"C0AC40"
"24",316,45,4,5.57671232876712,15.3045112781955,6,46,1465.5,251,183,"C0AC60"
"25",316,48,1,4.71506849315069,11.7876712328767,6,31,1196.5,265,183,"C0AC70"
"26",317,47,1,4.92602739726027,12.4861111111111,5,38,1229,259,183,"C0AC80"
"27",330,33,2,3.5027397260274,11.837962962963,4,46,815.5,247,183,"C0ACA0"
"28",296,66,3,6.98082191780822,15.6319018404908,8,15,1068,255,183,"C0AD00"
"29",332,33,0,2.89315068493151,8.65573770491803,8,46,487,245,183,"C0AD10"
"30",333,32,0,3.05616438356164,10.2339449541284,4,46,696.5,248,183,"C0AD30"
"31",310,54,1,5.49452054794521,13.9270833333333,6,46,1464,262,183,"C0AD40"
"32",323,39,3,4.50684931506849,13.3739837398374,5,46,1148.5,249,183,"C0AD50"
"33",312,50,3,5.3013698630137,14.7709923664122,6,46,1444,256,183,"C0AG80"
"34",302,61,2,6.03835616438356,12.6666666666667,9,14,1395,266,183,"C0AH00"
"35",318,43,4,5.20547945205479,14.3939393939394,4,46,1432.5,257,183,"C0AH10"
"36",255,104,6,11.3287671232877,18.4598214285714,14,14,2032,287,183,"C0AH30"
"37",315,47,3,5.20958904109589,11.5242424242424,9,14,1269,264,183,"C0AH40"
"38",333,32,0,3.43835616438356,11.1061946902655,6,46,741.5,240,183,"C0AH50"
"39",319,44,2,4.14931506849315,11.3022388059701,6,46,1072,260,183,"C0AH70"
"40",316,46,3,5.15068493150685,12.8767123287671,5,19,1246,261,183,"C0AH80"
"41",274,85,6,8.94657534246575,14.7094594594595,10,17,2354,295,183,"C0AH90"
"42",336,28,1,3.07534246575342,10.2045454545455,7,46,651,242,183,"C0AI00"
"43",301,61,3,6.30821917808219,13.7874251497006,7,15,1504.5,268,183,"C0AI10"
"44",331,33,1,3.65753424657534,9.08163265306122,8,17,505,250,183,"C0AI20"
"45",327,37,1,3.68630136986301,12.4583333333333,4,46,967,247,183,"C0AI30"
"46",324,40,1,3.43287671232877,11.9333333333333,4,46,842.5,244,183,"C0AI40"
"47",132,36,0,5.80654761904762,11.2126436781609,8,16,129.5,27,17,"C0AJ10"
"48",329,36,0,3.18082191780822,7.63815789473684,6,16,503,252,183,"C0AJ20"
"49",336,29,0,2.63835616438356,8.37391304347826,5,46,403,238,183,"C0AJ30"
"50",308,56,1,5.11917808219178,11.3242424242424,9,16,727.5,259,183,"C0AJ40"
"51",292,70,3,6.08904109589041,13.1508875739645,12,16,864,257,183,"C0AJ50"
"52",323,40,2,4.13698630136986,10.863309352518,7,18,613.5,242,183,"C0AJ60"
"53",324,40,1,4.16164383561644,9.99342105263158,7,17,607.5,248,183,"C0AJ70"
"54",318,43,3,5.00686813186813,15.1875,4,46,1313,247,183,"C0AJ80"
"55",283,80,2,7.11917808219178,14.7642045454545,9,14,1260,262,183,"C0B010"
"56",338,27,0,2.59452054794521,7.3984375,7,16,444.5,242,183,"C0B020"
"57",297,68,0,5.43287671232877,11.2670454545455,9,15,899.5,266,183,"C0B040"
"58",296,69,0,5.45479452054794,11.8511904761905,8,16,861,257,183,"C0B050"
"59",267,83,4,8.94209039548023,18.2976878612717,10,14,1514,266,183,"C0B060"
"60",311,52,2,5.86301369863014,14.3624161073826,8,30,1396,266,183,"C0C460"
"61",339,24,2,2.91506849315068,9.41592920353982,5,53,638.5,236,183,"C0C480"
"62",320,43,2,4.4,11.6376811594203,8,46,1032,253,183,"C0C490"
"63",341,22,2,3.08904109589041,9.39583333333333,9,46,430,234,183,"C0C590"
"64",341,23,1,2.77945205479452,8.2479674796748,7,46,381,237,183,"C0C620"
"65",323,41,1,4.13972602739726,11.5343511450382,8,46,881,250,183,"C0C630"
"66",328,37,0,3.32602739726027,10.0330578512397,8,46,645,242,183,"C0C650"
"67",328,35,2,3.78356164383562,10.2296296296296,9,46,602,244,183,"C0C660"
"68",320,43,2,4.78493150684931,12.2132867132867,8,46,983,255,183,"C0C670"
"69",322,41,2,3.97534246575342,10.4388489208633,9,46,905.5,250,183,"C0C680"
"70",328,36,1,3.23013698630137,9,8,46,592.5,245,183,"C0C700"
"71",310,50,5,5.75479452054795,14.0033333333333,9,46,1399,261,183,"C0C710"
"72",344,19,2,2.42739726027397,9.6304347826087,6,46,379.5,228,183,"C0C720"
"73",338,25,2,3.41095890410959,12.3267326732673,8,42,414,224,183,"C0C730"
"74",341,22,2,3.21780821917808,11.8636363636364,9,42,423,225,183,"C0C740"
"75",340,24,1,2.73424657534247,11.7411764705882,7,42,366,222,183,"C0C750"
"76",319,43,3,5.46027397260274,14.1347517730496,5,53,1253,267,183,"C0D360"
"77",88,3,0,1.18131868131868,3.98148148148148,8,46,0,0,0,"C0D390"
"78",328,34,3,4.55753424657534,14.3405172413793,7,53,901.5,243,183,"C0D430"
"79",324,39,2,4.00684931506849,10.7536764705882,8,46,719,251,183,"C0D480"
"80",318,43,4,5.05616438356164,14.3062015503876,8,46,1153.5,254,183,"C0D540"
"81",320,42,3,4.66164383561644,11.0487012987013,5,46,972,275,183,"C0D550"
"82",334,29,2,3.65342465753425,13.0735294117647,8,46,684.5,236,183,"C0D560"
"83",338,23,4,3.77123287671233,11.4708333333333,8,46,773.5,246,183,"C0D580"
"84",342,21,2,3.34109589041096,12.3181818181818,6,53,390,225,183,"C0D590"
"85",336,28,1,3.31232876712329,11.4056603773585,8,46,447.5,230,183,"C0D650"
"86",337,27,1,3.28630136986301,13.3277777777778,8,46,509,225,183,"C0D660"
"87",336,27,2,3.39452054794521,14.2413793103448,9,46,539,223,183,"C0D670"
"88",336,27,2,3.25479452054795,14.85,8,46,582.5,223,183,"C0D680"
"89",344,20,1,2.93013698630137,12.1534090909091,8,42,319,219,183,"C0D690"
"90",336,24,5,3.67945205479452,16.7875,6,53,731.5,224,183,"C0E420"
"91",317,45,3,5.37945205479452,14.6529850746269,6,53,1254,261,183,"C0E430"
"92",319,31,5,4.53943661971831,16.115,8,46,906.5,249,183,"C0E520"
"93",355,0,0,0.00704225352112676,0.833333333333333,1,151,0,183,183,"C0E540"
"94",340,20,5,3.92739726027397,15.5815217391304,8,46,796,235,183,"C0E550"
"95",340,23,2,3.2041095890411,17.1985294117647,3,46,477.5,219,183,"C0E590"
"96",318,44,3,4.40684931506849,12.9717741935484,7,46,822,261,183,"C0E610"
"97",340,21,4,3.72876712328767,15.1222222222222,6,53,695,231,183,"C0E730"
"98",334,26,5,4.2,16.6630434782609,8,46,899,235,183,"C0E740"
"99",337,24,4,4.02876712328767,16.7102272727273,5,46,707.5,232,183,"C0E750"
"100",334,29,2,3.45205479452055,15.75,5,46,579,230,183,"C0E780"
"101",339,23,3,3.72739726027397,14.9505494505495,4,47,828.5,243,183,"C0E791"
"102",340,22,3,3.1986301369863,15.5666666666667,5,46,467,221,183,"C0E810"
"103",327,35,3,4.80821917808219,13.5,6,53,1035,260,183,"C0E820"
"104",343,19,3,2.97671232876712,15.5214285714286,3,47,499.5,227,183,"C0E830"
"105",331,29,5,4.53835616438356,13.9201680672269,6,53,993.5,248,183,"C0E850"
"106",333,27,5,3.84931506849315,17.5625,8,46,738.5,224,183,"C0E870"
"107",321,29,5,4.96056338028169,17.4356435643564,8,46,962.5,239,183,"C0E880"
"108",337,25,3,3.0986301369863,16.1571428571429,6,46,541.5,218,183,"C0E910"
"109",341,23,1,2.93835616438356,15.5434782608696,3,46,424,219,183,"C0E920"
"110",336,24,5,3.64931506849315,18,8,46,746.5,220,183,"C0E930"
"111",168,11,2,3.39779005524862,18.6363636363636,4,47,198,42,30,"C0F000"
"112",355,9,1,0.801369863013699,17.2058823529412,9,83,0,183,183,"C0F0A0"
"113",337,25,3,3.45342465753425,13.1302083333333,3,47,806.5,250,183,"C0F0B0"
"114",310,51,4,6.02465753424658,16.6590909090909,4,46,1603.5,275,183,"C0F0C0"
"115",312,46,7,7.11643835616438,18.2922535211268,7,47,1920.5,273,185,"C0F0D0"
"116",350,13,2,1.99315068493151,14.8469387755102,8,35,26,186,183,"C0F0E0"
"117",327,34,4,4.37123287671233,15.1952380952381,4,47,1095.5,257,183,"C0F850"
"118",317,44,4,4.70821917808219,12.543795620438,8,47,1063,266,183,"C0F861"
"119",325,28,2,3.1169014084507,16.5149253731343,3,46,601.5,227,183,"C0F930"
"120",333,30,2,3.57397260273973,16.1049382716049,3,47,903,237,183,"C0F970"
"121",311,40,4,4.54929577464789,16.4795918367347,7,47,1227.5,249,183,"C0F9A0"
"122",337,25,3,3.04794520547945,14.8333333333333,3,46,625,232,183,"C0F9I0"
"123",341,23,1,2.4986301369863,13.8181818181818,3,47,450,226,183,"C0F9K0"
"124",339,24,2,3.03287671232877,13.3373493975904,3,46,562,237,183,"C0F9L0"
"125",336,28,1,3.33698630136986,15.225,3,46,752.5,234,183,"C0F9M0"
"126",333,29,3,3.72465753424658,16.3795180722892,4,47,971.5,236,183,"C0F9N0"
"127",334,30,1,3.20958904109589,13.4655172413793,4,47,765,242,183,"C0F9O0"
"128",338,26,1,2.67260273972603,15.484126984127,3,47,568.5,224,183,"C0F9P0"
"129",342,20,3,3.31643835616438,15.7207792207792,3,46,652,231,183,"C0F9Q0"
"130",342,21,2,2.38219178082192,13.5859375,3,46,426.5,223,183,"C0F9R0"
"131",335,27,3,3.07808219178082,15.6041666666667,3,47,712.5,232,183,"C0F9S0"
"132",333,29,3,3.53013698630137,17.18,3,47,862,233,183,"C0F9T0"
"133",331,30,4,3.2041095890411,15.1883116883117,4,47,756,234,183,"C0F9U0"
"134",326,35,4,4.95616438356164,17.3942307692308,4,46,1367,254,183,"C0F9V0"
"135",337,26,2,3.05342465753425,14.474025974026,4,46,648,233,183,"C0F9X0"
"136",316,46,3,5.48904109589041,13.0097402597403,8,47,1338.5,283,183,"C0F9Y0"
"137",311,53,1,4.84109589041096,13.1865671641791,7,47,1092,268,183,"C0F9Z0"
"138",298,54,3,5.82957746478873,15.5601503759399,7,46,1495,277,183,"C0FA00"
"139",344,19,2,2.49452054794521,14.452380952381,3,47,420.5,221,183,"C0FA10"
"140",345,19,1,2.38082191780822,13.7936507936508,3,46,382,220,183,"C0FA20"
"141",324,19,2,2.59420289855072,17.9,3,43,528,199,166,"C0FA30"
"142",342,20,3,2.74246575342466,15.4,3,46,563,226,183,"C0FA40"
"143",337,23,5,3.45068493150685,16.5723684210526,4,47,862,234,183,"C0G620"
"144",333,19,3,2.95774647887324,17.7966101694915,3,47,566,223,183,"C0G640"
"145",333,29,3,3.95479452054795,19.2466666666667,4,47,1093.5,238,184,"C0G650"
"146",333,30,2,3.16575342465753,16.5071428571429,4,47,801.5,235,183,"C0G660"
"147",337,25,3,3.22876712328767,17.0797101449275,3,38,774.5,231,183,"C0G720"
"148",337,27,1,2.5972602739726,16.3448275862069,3,47,656.5,223,183,"C0G730"
"149",342,23,0,2.34246575342466,13.5714285714286,3,47,550,227,183,"C0G740"
"150",336,26,3,3.2972602739726,17.9626865671642,3,47,710,227,183,"C0G770"
"151",339,23,3,2.56986301369863,16.1724137931034,3,47,509,223,183,"C0G780"
"152",340,25,0,2.28767123287671,13.6885245901639,3,47,627,227,183,"C0G800"
"153",336,26,3,3.32191780821918,16.8402777777778,4,47,875,235,183,"C0G810"
"154",348,17,0,1.82465753424658,15.8571428571429,1,138,572,222,183,"C0G820"
"155",345,19,1,1.93972602739726,13.3584905660377,2,47,381,221,183,"C0G830"
"156",336,20,2,2.3086592178771,16.53,0,151,826.5,233,183,"C0G840"
"157",334,29,2,3.59315068493151,18.7357142857143,4,47,959.5,233,183,"C0G860"
"158",334,22,2,2.58100558659218,16.8,2,53,633,226,183,"C0G870"
"159",329,32,4,4.47808219178082,19.9329268292683,3,47,1267,246,183,"C0G880"
"160",345,18,2,2.5013698630137,14.7258064516129,4,47,500.5,223,183,"C0G890"
"161",346,16,3,2.3013698630137,14.7368421052632,3,47,400.5,221,183,"C0G900"
"162",337,25,3,2.60684931506849,14.4166666666667,3,47,563,230,183,"C0G910"
"163",331,31,3,3.83150684931507,19.6971830985915,4,47,1022,235,183,"C0G920"
"164",336,28,1,2.69315068493151,15.1230769230769,3,47,624,230,183,"C0G940"
"165",344,19,2,2.86027397260274,15.5820895522388,3,47,567.5,227,183,"C0G950"
"166",349,14,2,2.23013698630137,16.6122448979592,3,47,347.5,216,183,"C0G960"
"167",342,20,3,2.4013698630137,14.8559322033898,2,47,685,227,183,"C0G970"
"168",309,54,2,5.32602739726027,16.0661157024793,6,47,1391.5,268,183,"C0H890"
"169",305,48,5,6.22625698324022,20.8317757009346,4,47,1865.5,263,183,"C0H950"
"170",329,33,3,3.62602739726027,15.9457831325301,4,47,970,241,183,"C0H960"
"171",286,74,5,9.50821917808219,21.0333333333333,9,47,2618,289,185,"C0H990"
"172",300,61,4,7.15479452054795,16.1203703703704,12,42,1955.5,294,183,"C0H9A0"
"173",297,63,5,7.25479452054795,16.3456790123457,9,39,1534,281,183,"C0H9C0"
"174",310,52,3,7.48082191780822,21.0038461538462,7,47,1988,263,184,"C0I010"
"175",315,48,2,4.87808219178082,13.4886363636364,8,82,1278.5,271,183,"C0I080"
"176",306,47,5,6.93016759776536,16.7635135135135,4,82,1953.5,283,183,"C0I090"
"177",315,45,5,5.61917808219178,21.5894736842105,3,82,1746,257,183,"C0I110"
"178",315,45,5,5.56164383561644,17.8070175438597,4,46,1548,264,183,"C0I360"
"179",304,58,3,6.15616438356164,16.5220588235294,6,47,1729,281,183,"C0I370"
"180",307,52,6,6.51369863013699,19.8125,4,47,1972,270,184,"C0I380"
"181",316,47,2,7.17534246575342,20.6220472440945,7,47,1872.5,266,185,"C0I390"
"182",321,41,3,4.72739726027397,17.4292929292929,3,47,1359.5,256,183,"C0I410"
"183",323,37,5,4.93287671232877,16.0758928571429,7,47,1316.5,259,183,"C0I420"
"184",332,29,4,3.77534246575342,16.2117647058824,4,47,1051,247,183,"C0I460"
"185",306,55,4,7.5041095890411,16.0175438596491,9,47,1848,290,184,"C0I480"
"186",303,56,6,6.59178082191781,16.5931034482759,7,47,1718.5,277,184,"C0I490"
"187",365,0,0,0,NA,0,151,0,183,183,"C0I520"
"188",294,63,8,8.97945205479452,19.7439759036145,8,47,2230.5,284,185,"C0I530"
"189",332,31,2,3.80684931506849,14.3247422680412,10,47,786,225,184,"C0I540"
"190",305,53,4,5.79419889502762,15.6529850746269,6,42,1707,278,183,"C0K240"
"191",340,22,3,2.5,13.0357142857143,4,47,533,236,183,"C0K250"
"192",340,25,0,2.32054794520548,12.2753623188406,3,84,547,231,183,"C0K280"
"193",342,22,1,2.32191780821918,13.8934426229508,2,90,623,228,183,"C0K291"
"194",335,29,1,2.73561643835616,14.9029850746269,3,47,691,234,183,"C0K330"
"195",338,26,1,2.63013698630137,14.5454545454545,3,82,653.5,233,183,"C0K390"
"196",331,34,0,3.29178082191781,17.9328358208955,3,82,944.5,236,183,"C0K400"
"197",341,22,2,2.48904109589041,14.4206349206349,2,88,700.5,231,183,"C0K410"
"198",335,28,2,3.2041095890411,17.1985294117647,4,46,742.5,233,183,"C0K420"
"199",340,25,0,2.25205479452055,12.4545454545455,3,47,500,233,183,"C0K430"
"200",337,26,2,3.02739726027397,18.728813559322,3,46,728,227,183,"C0K440"
"201",335,29,1,2.86438356164384,15.1521739130435,3,88,786,234,183,"C0K450"
"202",332,33,0,2.96164383561644,14.4133333333333,3,82,819.5,240,183,"C0K460"
"203",325,39,1,4.00684931506849,14.3382352941176,4,47,1168.5,256,183,"C0K470"
"204",331,32,2,3.12739726027397,16.5434782608696,3,47,779.5,233,183,"C0K480"
"205",341,22,2,2.39315068493151,12.6594202898551,3,84,522.5,236,183,"C0K500"
"206",348,16,1,2.07671232876712,10.9855072463768,3,88,552.5,236,183,"C0K510"
"207",345,18,2,2.04794520547945,14.375,4,47,411.5,217,183,"C0K530"
"208",343,20,2,2.1958904109589,11.45,3,88,576.5,237,183,"C0K550"
"209",319,42,4,5.23287671232877,18.9108910891089,4,81,1621,260,183,"C0K560"
"210",336,27,2,2.73835616438356,14.6985294117647,3,47,679,234,183,"C0K580"
"211",339,25,1,2.2972602739726,12.7045454545455,4,47,510.5,232,183,"C0K590"
"212",343,21,1,2.21095890410959,14.6727272727273,2,47,599,220,183,"C0K600"
"213",322,37,3,5.03729281767956,15.3235294117647,3,45,1507,272,183,"C0M410"
"214",342,23,0,2.24794520547945,11.0878378378378,4,88,718,241,183,"C0M520"
"215",310,50,5,7.9986301369863,17.6939393939394,14,42,2372,292,185,"C0M530"
"216",313,50,2,5.67534246575342,19.1805555555556,4,82,1855,266,184,"C0M640"
"217",346,18,1,2.07945205479452,10.8428571428571,2,82,584,237,183,"C0M650"
"218",334,31,0,2.8041095890411,13.6466666666667,4,82,812.5,241,183,"C0M660"
"219",333,32,0,3.22739726027397,13.5402298850575,4,88,919.5,252,183,"C0M670"
"220",341,22,2,3.06027397260274,14.6973684210526,4,81,913.5,243,183,"C0M680"
"221",330,32,3,3.58493150684932,14.7022471910112,4,88,1117.5,253,183,"C0M690"
"222",310,46,9,6.89041095890411,15.4294478527607,10,82,2154,287,184,"C0M700"
"223",347,16,2,2.03835616438356,11.2727272727273,3,88,599,233,183,"C0M710"
"224",310,51,4,6.46027397260274,19.65,3,82,2096.5,273,184,"C0M720"
"225",325,38,2,4.63835616438356,19.6860465116279,3,82,1440,250,184,"C0M730"
"226",343,20,2,2.75890410958904,13.7945205479452,3,88,779,240,183,"C0M740"
"227",349,16,0,1.73424657534247,9.17391304347826,4,81,507,235,183,"C0M750"
"228",336,27,2,3.37945205479452,15.41875,4,88,922,244,183,"C0M760"
"229",312,51,2,5.20547945205479,19.5876288659794,4,82,1590,254,183,"C0M770"
"230",342,21,2,2.31506849315068,12.0714285714286,4,107,692.5,237,183,"C0M780"
"231",337,26,2,3.53287671232877,16.7467532467532,3,88,1050,241,184,"C0M790"
"232",312,49,4,6.13698630136986,18.6666666666667,3,131,1996.5,282,184,"C0M800"
"233",293,66,6,8.48904109589041,18.2264705882353,6,42,2545,298,184,"C0M810"
"234",305,55,5,6.12328767123288,15.1013513513514,4,42,1741,288,185,"C0M820"
"235",307,52,6,6.2972602739726,15.851724137931,4,45,1967,291,183,"C0M850"
"236",297,65,3,6.62328767123288,15.3980891719745,7,45,2029,295,183,"C0M860"
"237",349,16,0,1.61232876712329,9.49193548387097,2,88,515.5,232,183,"C0M880"
"238",346,18,1,2.24383561643836,15.75,2,88,731.5,224,183,"C0N010"
"239",345,17,3,2.88630136986301,18.8125,2,126,999,229,184,"C0N020"
"240",343,18,4,3.34109589041096,20.325,3,126,1172.5,228,184,"C0N030"
"241",345,19,1,2.23835616438356,14.3333333333333,2,88,752,227,183,"C0N040"
"242",351,14,0,1.35616438356164,8.38983050847458,2,88,421,229,183,"C0N050"
"243",315,46,1,4.78314917127072,15.7409090909091,3,90,1560.5,273,183,"C0O810"
"244",319,42,4,4.95753424657534,16.911214953271,3,109,1680.5,270,183,"C0O830"
"245",327,37,1,3.95616438356164,14.44,3,88,1327,261,183,"C0O840"
"246",331,31,3,3.89041095890411,15.6043956043956,2,126,1308.5,256,183,"C0O860"
"247",348,15,2,2.17123287671233,13.6637931034483,2,96,654,224,183,"C0O900"
"248",316,44,2,5.16022099447514,20.5274725274725,3,109,1705,257,183,"C0O930"
"249",339,19,4,3.63397790055249,23.0789473684211,2,124,1249.5,229,184,"C0O950"
"250",324,38,3,3.71369863013699,15.9470588235294,2,126,1254.5,251,183,"C0O960"
"251",329,32,4,4.12602739726027,16.7333333333333,2,126,1388,255,183,"C0O970"
"252",332,30,3,3.36164383561644,15.3375,2,96,1115.5,244,183,"C0O980"
"253",330,32,3,3.47808219178082,15.6728395061728,2,126,1162.5,245,183,"C0O990"
"254",301,53,11,9.91095890410959,22.1932515337423,14,98,3135,296,185,"C0R100"
"255",312,47,6,6.18630136986301,18.8166666666667,7,108,1934.5,266,184,"C0R130"
"256",299,58,8,8.24246575342466,23.1423076923077,9,84,2769,276,184,"C0R140"
"257",313,47,5,5.98904109589041,19.6936936936937,5,109,1928,267,183,"C0R150"
"258",310,53,2,5.01506849315069,18.489898989899,3,126,1734.5,265,183,"C0R160"
"259",329,34,2,4.01095890410959,15.9130434782609,3,126,1387.5,259,183,"C0R170"
"260",314,44,7,5.88493150684932,18.3589743589744,4,84,1934,277,183,"C0R190"
"261",319,41,5,5.42602739726027,22.5056818181818,3,109,1813.5,256,183,"C0R220"
"262",308,49,8,6.94383561643836,23.0409090909091,5,109,2332.5,269,183,"C0R240"
"263",326,32,7,6.41506849315068,24.9095744680851,3,126,2225.5,256,184,"C0R260"
"264",334,29,2,3.3027397260274,16.0733333333333,4,126,1132.5,243,183,"C0R270"
"265",311,45,9,7.66164383561644,14.1954314720812,8,63,2268.5,288,183,"C0R280"
"266",330,28,7,4.74794520547945,20.8795180722892,2,127,1652.5,252,183,"C0R320"
"267",321,35,9,6.62328767123288,16.2248322147651,6,103,2221.5,277,183,"C0R341"
"268",333,27,5,4.55616438356164,17.3229166666667,5,111,1513.5,255,183,"C0R350"
"269",304,49,12,12.5657534246575,17.3075471698113,14,56,4006,311,188,"C0R440"
"270",311,49,5,6.44520547945205,19.7689075630252,3,109,2215.5,280,183,"C0R470"
"271",311,52,2,5.21095890410959,17.1351351351351,3,126,1799,274,183,"C0R480"
"272",320,43,2,4.57123287671233,17.9408602150538,3,126,1592.5,261,183,"C0R490"
"273",74,0,0,0,NA,0,74,0,0,0,"C0R510"
"274",324,37,4,4.87260273972603,22.23125,2,127,1653.5,252,183,"C0R520"
"275",326,34,5,5.16027397260274,23.54375,4,109,1727,247,183,"C0R540"
"276",321,39,5,5.37945205479452,21.8166666666667,2,109,1768,256,183,"C0R550"
"277",327,30,8,5.15068493150685,22.9268292682927,2,109,1734.5,250,183,"C0R560"
"278",315,45,5,4.74109589041096,18.6075268817204,5,109,1634.5,259,183,"C0R570"
"279",326,33,6,5.2041095890411,23.74375,3,109,1748.5,250,183,"C0R580"
"280",332,32,1,3.52739726027397,14.7988505747126,3,126,1175.5,253,183,"C0R590"
"281",300,52,13,10.1150684931507,25.1156462585034,11,98,3368,285,186,"C0R600"
"282",320,40,5,5.07123287671233,15.172131147541,3,36,1494.5,260,183,"C0R620"
"283",327,31,7,4.88630136986301,23.1623376623377,3,109,1674.5,248,183,"C0R640"
"284",316,46,3,5.00958904109589,19.6612903225806,3,109,1706.5,259,183,"C0R650"
"285",333,28,4,4.87808219178082,20.703488372093,5,84,1675,248,183,"C0R660"
"286",330,27,8,5.74794520547945,27.2467532467532,2,142,2040,251,185,"C0R670"
"287",314,44,7,5.96986301369863,13.7911392405063,3,57,1870.5,280,183,"C0R680"
"288",327,32,6,4.9972602739726,13.1223021582734,6,65,1586,268,183,"C0R690"
"289",332,26,7,4.92739726027397,21.1588235294118,4,128,1696.5,250,183,"C0R700"
"290",324,34,7,4.68082191780822,13.668,3,36,1501,264,183,"C0R710"
"291",317,39,9,7.46027397260274,15.9239766081871,6,24,2256.5,276,183,"C0R720"
"292",330,31,4,4.22602739726027,19.28125,3,134,1452,250,183,"C0R730"
"293",329,28,8,6.55753424657534,29.1890243902439,3,134,2322.5,251,186,"C0R740"
"294",327,30,8,5.97945205479452,11.4868421052632,6,73,1875.5,289,183,"C0R750"
"295",300,57,8,8.0986301369863,14.78,13,38,2253.5,288,183,"C0R760"
"296",331,27,7,5.14520547945205,17.2293577981651,3,105,1778,265,183,"C0R770"
"297",323,37,5,5.39178082191781,12.9473684210526,6,65,1754.5,281,183,"C0R780"
"298",311,47,7,6.76849315068493,14.6183431952663,7,67,2033,273,183,"C0R790"
"299",327,27,11,7.36438356164384,27.4285714285714,3,127,2600.5,258,186,"C0R800"
"300",331,29,5,5.15890410958904,19.8210526315789,3,96,1763,257,183,"C0R810"
"301",318,36,11,8.30547945205479,27.0669642857143,7,109,2818,265,185,"C0R820"
"302",310,46,9,7.52054794520548,14.6010638297872,6,30,2349.5,284,183,"C0R830"
"303",313,44,8,7.30547945205479,12.8816425120773,14,30,2183,287,183,"C0R840"
"304",327,33,5,5.36164383561644,25.0897435897436,3,109,1797.5,247,183,"C0R850"
"305",318,41,6,6.38493150684932,13.8720238095238,6,33,1911,276,183,"C0R860"
"306",324,37,4,5.03972602739726,15.202479338843,3,78,1673,262,183,"C0R870"
"307",332,29,4,4.34931506849315,16.8882978723404,3,134,1467,254,183,"C0R880"
"308",331,31,3,4.15616438356164,18.2771084337349,2,134,1390.5,251,183,"C0R890"
"309",331,28,6,5.25616438356164,24.2848101265823,2,133,1840.5,251,183,"C0R900"
"310",330,30,5,4.77260273972603,20.7380952380952,5,109,1609.5,248,183,"C0R910"
"311",328,34,3,4.44931506849315,19.3333333333333,5,84,1489,248,183,"C0R920"
"312",329,29,7,5.31369863013699,21.55,5,126,1851,252,183,"C0R940"
"313",333,26,6,6.25342465753425,18.1150793650794,5,107,2084.5,250,186,"C0S660"
"314",323,37,5,5.42328767123288,13.9401408450704,7,46,1672,256,183,"C0S690"
"315",319,35,11,7.40958904109589,17.3365384615385,8,25,2248.5,259,185,"C0S700"
"316",337,20,8,6.33972602739726,16.768115942029,5,88,2103,252,187,"C0S710"
"317",309,50,6,6.78219178082192,12.6301020408163,14,24,1628,273,184,"C0S730"
"318",331,29,5,6.42876712328767,19.718487394958,5,88,2109.5,252,186,"C0S740"
"319",289,67,9,10.0931506849315,19.1875,4,63,3110,300,187,"C0S750"
"320",350,15,0,1.22876712328767,4.671875,11,53,223.5,208,183,"C0S760"
"321",319,38,8,6.77123287671233,16.4766666666667,9,36,1982,261,185,"C0S770"
"322",327,32,6,5.89178082191781,17.9208333333333,7,36,1846,250,184,"C0S790"
"323",332,26,7,6.31643835616438,20.2236842105263,6,67,2143.5,249,185,"C0S810"
"324",328,32,5,4.64246575342466,11.6862068965517,7,46,1263.5,257,183,"C0S830"
"325",317,40,8,6.9,18.5183823529412,5,44,2153,265,184,"C0S840"
"326",330,29,6,5.9972602739726,16.4586466165414,7,37,1981.5,255,187,"C0S890"
"327",287,74,4,7.56849315068493,14.094387755102,14,10,1473,270,183,"C0S900"
"328",305,56,4,6.0013698630137,12.1694444444444,8,16,1391.5,268,183,"C0S910"
"329",324,32,9,7.15342465753425,22.5086206896552,6,69,2376,247,188,"C0S920"
"330",335,21,9,6.26849315068493,18.6016260162602,4,58,2030.5,250,186,"C0S930"
"331",326,34,5,5.05753424657534,12.0653594771242,7,48,1379.5,255,183,"C0S940"
"332",333,23,9,7.63287671232877,23.8119658119658,7,50,2546.5,240,186,"C0S950"
"333",330,27,8,5.48219178082192,18.3577981651376,6,71,1804.5,244,184,"C0S960"
"334",325,35,5,6.25205479452055,15.958041958042,8,36,1903.5,261,184,"C0S970"
"335",303,51,11,9.28630136986301,17.0326633165829,13,21,2590,271,185,"C0S980"
"336",318,35,12,8.55205479452055,20.0096153846154,5,46,2661.5,271,185,"C0S990"
"337",321,36,8,8.22054794520548,23.8134920634921,6,69,2700.5,250,187,"C0SA00"
"338",327,30,8,5.48630136986301,16.6875,4,66,1766.5,248,184,"C0SA10"
"339",311,46,8,7.93561643835616,16.364406779661,11,29,2308.5,264,186,"C0SA20"
"340",324,33,8,6.08356164383562,17.6230158730159,7,28,1944.5,250,185,"C0SA30"
"341",333,25,7,6.37671232876712,17.6325757575758,8,86,2093,252,187,"C0SA40"
"342",330,27,8,5.13424657534247,20.3695652173913,3,68,1665,239,183,"C0SA60"
"343",318,37,10,7.91232876712329,22.2153846153846,4,64,2504,256,185,"C0SA80"
"344",305,49,11,9.75890410958904,21.5878787878788,7,26,2982.5,272,185,"C0SA90"
"345",313,48,4,5.45616438356164,14.536496350365,4,47,1308,269,183,"C0T790"
"346",341,20,4,5.66849315068493,20.69,4,47,1847,242,186,"C0T820"
"347",313,46,6,7.85753424657534,16.9704142011834,6,35,2393.5,269,187,"C0T870"
"348",316,43,6,7.55890410958904,14.9135135135135,5,24,2360.5,276,186,"C0T900"
"349",318,42,5,6.55616438356164,14.8633540372671,7,35,1841.5,255,186,"C0T960"
"350",316,44,5,6.97534246575342,14.3841807909605,9,30,1876.5,268,185,"C0T9A0"
"351",290,69,6,9.66164383561644,16.1766055045872,10,21,2637,281,187,"C0T9B0"
"352",307,53,5,7.15479452054795,16.8483870967742,7,32,1826.5,261,183,"C0T9D0"
"353",319,40,6,6.3,14.9318181818182,7,27,1563.5,254,183,"C0T9E0"
"354",321,37,7,6.34383561643836,14.3819875776398,9,35,1800,267,185,"C0T9F0"
"355",308,52,5,7.64520547945205,13.4806763285024,8,25,2229.5,278,186,"C0T9G0"
"356",296,65,4,7.58904109589041,12.8240740740741,12,14,1547.5,275,183,"C0T9H0"
"357",303,57,5,7.71917808219178,14.8289473684211,10,12,1778,267,185,"C0T9I0"
"358",298,61,6,7.3986301369863,14.0651041666667,12,15,1736.5,264,183,"C0T9M0"
"359",326,33,6,7.53150684931507,21.3100775193798,5,54,2467,252,186,"C0T9N0"
"360",289,74,2,6.98630136986301,12.8787878787879,10,20,1564,275,183,"C0U520"
"361",311,52,2,5.02602739726027,11.1181818181818,5,29,1197,269,183,"C0U600"
"362",284,71,10,8.24794520547945,14.5434782608696,10,14,2118,285,183,"C0U650"
"363",294,62,9,9.78767123287671,15.8777777777778,9,17,2863,305,187,"C0U710"
"364",320,40,5,5.0986301369863,8.02155172413793,7,16,1292,299,183,"C0U720"
"365",318,47,0,3.47397260273973,7.50295857988166,7,22,697,261,183,"C0U750"
"366",282,75,8,9.23835616438356,16.7761194029851,13,16,2477,279,184,"C0U760"
"367",322,36,7,6.55753424657534,16.8556338028169,7,24,1844,260,183,"C0U770"
"368",298,63,4,6.58356164383562,15.5032258064516,8,26,1528,260,183,"C0U780"
"369",307,57,1,5.0027397260274,11.6305732484076,5,29,1159.5,264,183,"C0U860"
"370",277,85,3,7.58082191780822,13.0518867924528,9,18,1850.5,291,183,"C0U870"
"371",304,60,1,5.46849315068493,11.5375722543353,6,21,1245,272,183,"C0U880"
"372",302,58,5,6.51232876712329,13.9823529411765,7,22,1762,268,183,"C0U890"
"373",305,57,3,5.39041095890411,12.531847133758,7,29,1358,263,183,"C0U900"
"374",283,79,3,7.55479452054795,16.6114457831325,10,18,1712.5,264,183,"C0U910"
"375",305,59,1,5.2013698630137,12.5728476821192,7,29,1160,257,183,"C0U940"
"376",259,103,3,9.8041095890411,12.6003521126761,17,15,2101,322,183,"C0U950"
"377",283,72,10,11.6561643835616,16.8829365079365,10,13,3286.5,318,187,"C0U960"
"378",303,61,1,5.01369863013699,11.656050955414,6,20,1070.5,263,183,"C0U970"
"379",287,75,3,7.45753424657534,12.3727272727273,9,16,1758,293,183,"C0U980"
"380",315,47,3,4.83424657534247,11.1677215189873,8,29,1236.5,271,183,"C0U990"
"381",316,44,5,6.25616438356164,13.5118343195266,8,73,1766.5,280,184,"C0UA00"
"382",277,80,8,9.91643835616438,13.9211538461538,9,16,2716,318,184,"C0UA10"
"383",319,40,6,6.2013698630137,14.8914473684211,7,47,1618.5,283,184,"C0UA20"
"384",303,55,7,8.03972602739726,12.3818565400844,9,17,2069.5,300,184,"C0UA30"
"385",247,107,11,13.4684931506849,21.5614035087719,13,13,3458.5,286,186,"C0UA40"
"386",225,121,19,18.386301369863,28.8025751072961,13,13,4180,285,186,"C0UA50"
"387",302,54,9,7.91232876712329,16.316384180791,8,19,2006.5,271,183,"C0UA60"
"388",258,104,3,9.76438356164384,15.9820627802691,10,12,1703.5,286,183,"C0UA70"
"389",289,75,1,5.81095890410959,11.4648648648649,7,12,1103,270,183,"C0UA80"
"390",265,93,7,9.75890410958904,17.8994974874372,14,15,1529.5,271,183,"C0UA90"
"391",298,63,4,6.91369863013699,13.7896174863388,8,29,1730,278,183,"C0UB00"
"392",304,60,1,5.7972602739726,13.9210526315789,7,29,1183.5,257,183,"C0UB20"
"393",319,42,4,5.45616438356164,16.1910569105691,5,90,1597.5,269,185,"C0V210"
"394",309,46,7,5.87430939226519,18.3318965517241,3,109,1903,276,183,"C0V250"
"395",304,56,2,5.59116022099448,19.4615384615385,3,109,1848.5,267,183,"C0V260"
"396",312,52,1,5.26164383561644,17.4590909090909,3,109,1806,269,183,"C0V310"
"397",327,36,2,4.28219178082192,18.6071428571429,2,126,1490,253,183,"C0V350"
"398",318,47,0,4.05753424657534,16.4555555555556,2,126,1392,254,183,"C0V360"
"399",323,40,2,4.08356164383562,16.747191011236,2,109,1376,254,183,"C0V370"
"400",328,34,3,3.43698630136986,16.7266666666667,2,126,1192,241,183,"C0V400"
"401",327,32,6,5.22876712328767,25.7905405405405,2,126,1840.5,245,183,"C0V440"
"402",327,29,9,5.34794520547945,24.0987654320988,5,109,1865,250,183,"C0V450"
"403",323,32,10,5.38493150684932,26.9246575342466,2,126,1854,245,183,"C0V490"
"404",320,42,3,3.95342465753425,19.5,3,109,1309,241,183,"C0V530"
"405",338,23,4,3.72876712328767,20.6212121212121,2,126,1261.5,235,183,"C0V610"
"406",333,29,3,3.46301369863014,18.0571428571429,2,93,1133.5,237,183,"C0V620"
"407",336,25,4,3.34520547945205,18.5,2,109,1131,235,183,"C0V630"
"408",329,33,3,3.57671232876712,19.4850746268657,2,126,1181,238,183,"C0V640"
"409",334,28,3,3.23424657534247,17.3602941176471,2,126,1082.5,235,183,"C0V650"
"410",337,24,4,3.47945205479452,17.6388888888889,2,109,1191,238,183,"C0V660"
"411",327,32,6,5.08767123287671,27.3088235294118,2,126,1746,239,183,"C0V680"
"412",328,31,6,4.40684931506849,22.0342465753425,2,126,1505,245,183,"C0V690"
"413",331,26,8,5.06575342465753,25.3287671232877,2,126,1723.5,244,184,"C0V700"
"414",327,31,7,5.0013698630137,26.4565217391304,2,126,1732.5,241,183,"C0V710"
"415",330,29,6,4.85479452054795,23.3157894736842,5,126,1650.5,247,183,"C0V720"
"416",327,33,5,5.3958904109589,25.25,2,109,1892.5,247,183,"C0V730"
"417",318,46,1,5.06849315068493,18.3168316831683,2,109,1758.5,266,183,"C0V740"
"418",331,30,4,3.68904109589041,18.7013888888889,2,109,1192,240,183,"C0V750"
"419",331,30,4,4.37123287671233,22.7928571428571,3,126,1517.5,238,183,"C0V760"
"420",330,32,3,3.7,21.7822580645161,2,126,1258,232,183,"C0V770"
"421",313,46,6,6.57671232876712,18.75390625,6,109,2089.5,274,183,"C0V790"
"422",308,48,9,7.26575342465753,21.216,5,45,2355,279,183,"C0V800"
"423",332,27,6,4.50958904109589,24.5671641791045,3,126,1521.5,235,183,"C0V810"
"424",304,56,5,6.81643835616438,16.8108108108108,6,45,2132.5,289,183,"C0V820"
"425",329,29,7,4.62465753424657,21.9220779220779,3,126,1572.5,245,183,"C0V840"
"426",338,23,4,3.77123287671233,21.1769230769231,2,126,1281,235,184,"C0V850"
"427",339,24,2,3.3013698630137,18.5384615384615,2,126,1068,234,184,"C0V860"
"428",333,29,3,3.01369863013699,17.1875,2,109,979,234,184,"C0V870"
"429",333,29,3,3.51643835616438,18.3357142857143,2,126,1179.5,240,184,"C0V880"
"430",323,37,5,4.54931506849315,23.387323943662,2,109,1557,243,183,"C0V890"
"431",329,30,6,4.35479452054795,21.4797297297297,3,109,1476.5,243,183,"C0V900"
"432",336,28,1,2.54383561643836,9.671875,11,40,561.5,235,183,"C0W110"
"433",353,11,1,1.78630136986301,13.04,4,84,537,216,184,"C0W120"
"434",351,13,1,2.5041095890411,20.7727272727273,3,53,775.5,213,184,"C0W130"
"435",342,19,4,3.27260273972603,15.120253164557,9,45,878.5,223,183,"C0W140"
"436",348,15,2,2.28904109589041,13.925,9,82,608.5,218,183,"C0W150"
"437",365,0,0,0.0301369863013699,1.375,2,142,0.5,184,183,"C0W160"
"438",326,38,1,3.33150684931507,12.936170212766,2,88,1065,258,183,"C0X050"
"439",332,32,1,3.21369863013699,15.8513513513514,2,88,1074.5,242,183,"C0X060"
"440",342,21,2,2.49452054794521,14.9262295081967,2,88,801.5,228,183,"C0X080"
"441",338,22,5,3.46438356164384,19.7578125,2,126,1208,232,183,"C0X100"
"442",335,25,5,3.93013698630137,20.4928571428571,2,126,1364,239,184,"C0X110"
"443",339,26,0,2.47260273972603,12.8928571428571,2,88,813,239,183,"C0X120"
"444",334,29,2,3.36164383561644,15.9350649350649,2,88,1141,244,183,"C0X130"
"445",342,21,2,2.84931506849315,15.2941176470588,2,88,929.5,237,183,"C0X140"
"446",339,23,3,3.03013698630137,16.0289855072464,2,96,988,236,183,"C0X150"
"447",328,34,3,4.31506849315068,22.1830985915493,2,109,1447.5,240,183,"C0X160"
"448",326,35,4,4.24794520547945,22.15,2,109,1387,240,183,"C0X170"
"449",324,37,4,4.30958904109589,16.7340425531915,2,126,1470.5,258,183,"C0X180"
"450",339,21,5,3.6986301369863,21.4285714285714,2,126,1300.5,232,184,"C0X190"
"451",322,41,2,4.34246575342466,16.1734693877551,2,126,1485.5,263,183,"C0X200"
"452",327,37,1,3.36849315068493,13.510989010989,3,88,1086,256,184,"C0X210"
"453",338,27,0,2.37397260273973,11.7094594594595,4,88,790,239,183,"C0X220"
"454",336,29,0,2.31232876712329,11.887323943662,2,88,766,238,183,"C0X230"
"455",302,57,6,7.65479452054795,21.0075187969925,3,88,2519.5,282,183,"C0X240"
"456",334,30,1,2.93287671232877,14.0855263157895,3,88,964,244,183,"C0X250"
"457",330,34,1,2.85616438356164,12.5602409638554,3,88,895.5,248,183,"C0X260"
"458",341,22,2,2.48082191780822,15.8859649122807,2,88,824,228,183,"C0X280"
"459",343,20,2,2.3013698630137,13.125,4,88,749.5,232,183,"C0X290"
"460",313,47,5,5.85890410958904,20.1745283018868,3,88,1926.5,262,184,"C0X300"
"461",345,18,2,2.88904109589041,17.2868852459016,2,88,946.5,230,183,"C0X310"
"462",329,35,1,3.68630136986301,15.1179775280899,3,88,1208,255,183,"C0X320"
"463",337,23,5,6.29315068493151,18.0866141732283,4,49,2072,250,186,"C0Z020"
"464",324,34,7,7.17945205479452,16.5854430379747,7,62,2334.5,263,186,"C0Z050"
"465",324,34,7,7.15205479452055,19.337037037037,6,47,2257,256,185,"C0Z061"
"466",335,25,5,4.80958904109589,12.2762237762238,9,60,1455.5,248,185,"C0Z070"
"467",314,45,6,7.60958904109589,14.3170103092784,9,35,2200,274,187,"C0Z080"
"468",322,37,6,6.44109589041096,16.1027397260274,5,30,1897.5,254,186,"C0Z100"
"469",317,42,6,6.37260273972603,17.7557251908397,7,43,1828,252,185,"C0Z150"
"470",325,36,4,5.92739726027397,14.140522875817,4,62,1791.5,261,185,"C0Z160"
"471",328,30,7,6.11369863013699,16.7781954887218,6,64,1975,251,186,"C0Z170"
"472",312,48,5,6.55205479452055,17.0821428571429,5,46,1868,251,185,"C0Z180"
"473",312,45,8,7.46027397260274,17.6818181818182,7,31,2151,262,185,"C0Z190"
"474",324,37,4,6.34657534246575,14.2116564417178,8,60,1935.5,259,186,"C0Z200"
"475",326,32,7,6.87945205479452,14.4310344827586,9,45,2063,268,186,"C0Z210"
"476",321,37,7,7.85890410958904,18.2707006369427,7,65,2410,262,186,"C0Z220"
"477",319,40,6,5.41369863013699,14.8571428571429,7,36,1430,255,183,"C0Z230"
"478",287,71,7,10.4849315068493,15.6844262295082,19,11,2768,292,186,"C0Z250"
"479",312,47,6,7.25479452054795,14.010582010582,11,23,1787,268,186,"C0Z270"
"480",329,29,7,6.33424657534247,15.8356164383562,6,60,1969,252,186,"C0Z280"
"481",319,37,9,9.32602739726027,15.6146788990826,10,19,2766.5,287,187,"C0Z290"
"482",336,25,4,5.17260273972603,18.6930693069307,6,86,1608.5,233,186,"C0Z300"
"483",308,50,7,7.50684931506849,19.2957746478873,7,26,1996,255,184,"C0Z310"
"484",319,39,7,8.61643835616438,13.8546255506608,10,18,2613.5,291,187,"C0Z320"
"485",318,40,7,7.21506849315069,15.6755952380952,10,43,2146,262,186,"C0Z330"
"486",356,8,1,1.17671232876712,8.42156862745098,6,17,52,184,183,"C1A630"
"487",307,55,3,6.02054794520548,13.9968152866242,7,19,1439,260,183,"C1A750"
"488",298,63,4,6.28356164383562,12.0078534031414,9,15,1545,274,183,"C1A760"
"489",286,75,4,7.16575342465753,13.9122340425532,8,15,1677,274,183,"C1A9N0"
"490",332,33,0,3.00684931506849,10.8663366336634,6,46,602.5,240,183,"C1AC50"
"491",302,61,2,5.65753424657534,12.5151515151515,7,27,1285,259,183,"C1AI50"
"492",330,33,2,3.51095890410959,10.6791666666667,8,46,747.5,245,183,"C1AI60"
"493",338,25,2,3.43698630136986,10.8146551724138,8,46,502.5,235,183,"C1C510"
"494",335,29,1,3.83561643835616,13.5922330097087,8,59,604.5,234,183,"C1D380"
"495",308,52,5,6.72602739726027,16.2582781456954,9,42,1627.5,266,183,"C1D400"
"496",323,38,4,4.85479452054795,14.176,5,42,998.5,250,183,"C1D410"
"497",312,51,2,5.95479452054794,13.1727272727273,5,46,1391,270,183,"C1D420"
"498",332,31,2,2.7986301369863,10.3181818181818,8,46,539,235,183,"C1D630"
"499",318,41,6,6.1041095890411,16.0287769784173,5,38,1379.5,263,183,"C1D640"
"500",315,47,3,5.00684931506849,16.9212962962963,7,46,1107.5,255,183,"C1E451"
"501",314,49,2,4.73287671232877,14.6398305084746,8,46,1041,258,183,"C1E461"
"502",302,57,6,6.52602739726027,15.88,8,46,1562,271,183,"C1E480"
"503",347,17,1,2.10547945205479,10.9785714285714,1,114,741.5,248,183,"C1E511"
"504",341,21,3,2.83287671232877,13.2564102564103,8,46,421.5,222,183,"C1E601"
"505",306,56,3,6.55616438356164,15.2420382165605,6,53,1570,276,183,"C1E670"
"506",319,44,2,4.74794520547945,15.2017543859649,7,46,1025.5,257,183,"C1E681"
"507",337,26,2,3.28219178082192,13.7701149425287,4,47,716,238,183,"C1E691"
"508",317,46,2,4.67260273972603,15.5045454545455,4,46,922,252,183,"C1E701"
"509",315,46,4,5.56575342465753,18.1383928571429,7,46,1295,259,183,"C1E711"
"510",323,41,1,3.87808219178082,12.9862385321101,4,46,856.5,258,183,"C1E721"
"511",336,25,4,3.99041095890411,16.7413793103448,8,46,754.5,233,183,"C1E770"
"512",340,22,3,3.2013698630137,14.7911392405063,5,46,458.5,227,183,"C1E890"
"513",335,26,4,4.25890410958904,17.0824175824176,8,46,763.5,232,183,"C1E900"
"514",322,40,3,4.6986301369863,14.5338983050847,7,47,1059.5,255,183,"C1F871"
"515",306,55,4,5.51917808219178,14.5978260869565,7,46,1204.5,272,183,"C1F891"
"516",316,44,5,5.11369863013699,16.5176991150442,4,47,1365.5,263,183,"C1F911"
"517",308,54,3,6.15068493150685,15.5902777777778,8,46,1315.5,277,183,"C1F941"
"518",327,34,4,4.29315068493151,15.3627450980392,4,47,1193.5,253,183,"C1F9B1"
"519",319,42,4,4.85479452054795,13.5267175572519,7,47,1189,270,183,"C1F9C1"
"520",316,46,3,4.78356164383562,14.9230769230769,4,47,1234,260,183,"C1F9D1"
"521",317,45,3,5.31369863013699,16.2983193277311,4,47,1466,263,183,"C1F9E1"
"522",328,34,3,3.77534246575342,13.25,5,46,882,255,183,"C1F9F1"
"523",330,31,4,3.66164383561644,13.5,5,47,1072.5,254,183,"C1F9G1"
"524",316,45,4,4.81917808219178,14.781512605042,4,47,1313,264,183,"C1F9J1"
"525",329,36,0,3.38082191780822,10.6379310344828,7,47,652,250,183,"C1F9W0"
"526",330,30,5,4.18493150684932,19.3354430379747,3,47,1107.5,242,183,"C1G691"
"527",337,24,4,3.17534246575342,16.5571428571429,4,47,810,234,183,"C1G9D0"
"528",296,64,5,7.67397260273973,18.4276315789474,7,39,1929.5,278,184,"C1H000"
"529",318,43,4,5.2013698630137,18.985,3,47,1507,256,183,"C1H840"
"530",309,53,3,6.67260273972603,17.2730496453901,7,39,1554.5,272,184,"C1H860"
"531",314,47,4,5.46164383561644,15.1022727272727,7,47,1468,271,184,"C1H900"
"532",321,43,1,4.59178082191781,14.5739130434783,7,47,1185,258,183,"C1H920"
"533",317,41,7,5.72876712328767,18.1826086956522,4,47,1666.5,266,183,"C1H941"
"534",331,29,5,3.92739726027397,18.1455696202532,4,47,1053.5,237,183,"C1H971"
"535",341,23,1,3.23561643835616,21.0892857142857,0,151,1181,239,184,"C1H9B1"
"536",312,51,2,6.64520547945205,17.8345588235294,7,46,1744.5,267,184,"C1I020"
"537",296,63,6,7.14657534246575,17.1611842105263,10,47,1934.5,282,183,"C1I030"
"538",315,47,3,5.93972602739726,15.3758865248227,9,70,1729.5,276,184,"C1I050"
"539",317,47,1,4.35479452054795,11.193661971831,7,82,1157.5,279,183,"C1I070"
"540",305,57,3,6.32328767123288,15.0849673202614,8,42,1630.5,284,183,"C1I101"
"541",304,56,5,6.83150684931507,16.4046052631579,5,82,2007,284,183,"C1I121"
"542",305,54,6,7.55342465753425,23.7672413793103,4,82,2405,269,183,"C1I131"
"543",319,43,3,4.5958904109589,13.0038759689922,9,82,1189.5,262,183,"C1I140"
"544",316,45,4,5.45616438356164,15.6811023622047,7,47,1338,266,183,"C1I150"
"545",310,51,4,5.81917808219178,19.1351351351351,4,81,1758.5,258,183,"C1I201"
"546",306,54,5,5.95616438356164,17.2539682539683,4,47,1788,269,183,"C1I211"
"547",299,57,9,8.05890410958904,20.2862068965517,4,47,2416.5,278,183,"C1I220"
"548",310,51,4,6.11917808219178,17.0496183206107,4,47,1700.5,268,183,"C1I230"
"549",318,44,3,4.75616438356164,13.4573643410853,7,47,1198.5,268,183,"C1I240"
"550",311,51,3,5.83698630136986,15.4384057971014,7,47,1555,275,183,"C1I250"
"551",297,65,3,6.79178082191781,16.202614379085,8,47,1802,289,183,"C1I260"
"552",326,33,6,4.98493150684931,19.5645161290323,3,47,1427,251,183,"C1I280"
"553",310,53,2,4.89041095890411,12.3103448275862,8,82,1314.5,283,183,"C1I290"
"554",303,59,3,5.83150684931507,15.2035714285714,8,82,1509,274,183,"C1I310"
"555",314,48,3,7.12054794520548,19.9923076923077,7,47,1899.5,262,184,"C1I320"
"556",306,55,4,7.42054794520548,20.8346153846154,8,46,1943,265,184,"C1I330"
"557",313,50,2,5.26301369863014,12.7218543046358,8,82,1415,285,183,"C1I340"
"558",296,63,6,8.16986301369863,18.1829268292683,7,47,2267,293,184,"C1I400"
"559",317,45,3,4.91369863013699,13.0912408759124,8,47,1206.5,266,183,"C1I430"
"560",297,65,3,7.87397260273973,17.6319018404908,4,42,2192.5,300,184,"C1I440"
"561",310,54,1,5.08767123287671,11.6792452830189,8,82,1360,295,183,"C1I450"
"562",307,54,4,6.38356164383562,14.746835443038,15,42,1674.5,286,183,"C1I470"
"563",298,61,6,6.98219178082192,15.8291925465839,10,46,1868.5,287,183,"C1I500"
"564",306,55,4,5.80821917808219,15.4744525547445,5,82,1610,275,183,"C1I510"
"565",319,41,5,5.2041095890411,17.9198113207547,4,47,1398,256,183,"C1I550"
"566",340,23,2,2.66712328767123,15.2109375,3,90,743.5,230,183,"C1K540"
"567",307,53,5,6.83287671232877,15.8853503184713,4,45,2093,297,183,"C1M390"
"568",315,47,3,5.56301369863014,16.6434426229508,7,45,1718,274,183,"C1M400"
"569",308,53,4,6.49452054794521,18.0954198473282,4,42,2030,275,183,"C1M480"
"570",296,65,4,7.12739726027397,16.8928571428571,6,88,2224.5,291,183,"C1M600"
"571",306,53,6,7.9027397260274,18.3726114649682,7,42,2428,293,185,"C1M610"
"572",303,58,4,6.84657534246575,17.1164383561644,4,42,2082.5,285,183,"C1M620"
"573",299,62,4,7.46712328767123,16.3203592814371,14,42,2124.5,295,185,"C1M640"
"574",325,38,2,4.6958904109589,17.6701030927835,4,82,1431.5,257,183,"C1M870"
"575",323,39,3,4.05890410958904,19.7533333333333,2,109,1276.5,241,183,"C1N001"
"576",329,34,2,4.30821917808219,16.3802083333333,3,109,1435,261,183,"C1O850"
"577",305,56,4,6.52465753424658,15.9832214765101,3,88,2097.5,296,183,"C1O870"
"578",307,55,3,6.12876712328767,18.0403225806452,5,90,1976.5,277,183,"C1O880"
"579",326,38,1,3.93972602739726,14.6734693877551,3,90,1314.5,260,183,"C1O921"
"580",345,19,1,2.0013698630137,17.8170731707317,1,149,706.5,222,183,"C1O940"
"581",304,53,8,7.84520547945205,22.0269230769231,5,108,2518,281,183,"C1R110"
"582",307,50,8,8.72328767123288,23.9398496240602,8,98,2661,272,185,"C1R120"
"583",325,30,10,6.26301369863014,23.3265306122449,3,109,2154,258,183,"C1R250"
"584",330,28,7,5.22465753424658,17.4954128440367,6,104,1765.5,259,183,"C1R290"
"585",293,58,14,18.2369863013699,41.3447204968944,9,96,6199,288,192,"C1R610"
"586",311,53,1,5.25890410958904,17.1383928571429,5,108,1713.5,271,183,"C1R630"
"587",321,38,6,5.92602739726027,11.0923076923077,10,73,1843,280,184,"C1S670"
"588",329,29,7,5.78630136986301,18.6902654867257,4,68,1845,244,184,"C1S800"
"589",325,32,8,8.13972602739726,24.7583333333333,4,48,2747.5,255,189,"C1S820"
"590",323,34,8,7.57534246575342,19.4718309859155,10,77,2425.5,258,187,"C1S850"
"591",321,32,12,7.6027397260274,18.0194805194805,9,43,2363,257,185,"C1S860"
"592",308,52,5,7.73835616438356,14.4107142857143,11,14,1954,272,186,"C1S870"
"593",301,53,11,9.18904109589041,18.2282608695652,7,25,2607,278,185,"C1S880"
"594",316,39,10,10.1753424657534,16.958904109589,24,37,3276,292,187,"C1SA50"
"595",327,32,6,5.60684931506849,18.6045454545455,4,46,1809.5,247,184,"C1SA70"
"596",334,27,4,5.95753424657534,12.9434523809524,4,47,1769,264,187,"C1T800"
"597",318,42,5,6.92328767123288,14.3579545454545,6,47,1975,278,186,"C1T810"
"598",324,35,6,7.75068493150685,19.6458333333333,8,38,2493,254,187,"C1T830"
"599",322,39,4,6.64109589041096,15.7402597402597,7,45,1915,260,186,"C1T920"
"600",321,40,4,7.69178082191781,16.0428571428571,12,29,2249,240,187,"C1T940"
"601",237,120,8,16.1506849315068,21.9144981412639,23,5,3952.5,305,187,"C1T950"
"602",315,45,5,7.34794520547945,14.655737704918,10,21,2011,261,186,"C1T970"
"603",294,66,5,9.75342465753425,15.2136752136752,12,14,2720,293,187,"C1T980"
"604",332,26,7,6.76849315068493,16.9212328767123,4,72,2207.5,257,186,"C1T990"
"605",318,40,7,6.52191780821918,15.9765100671141,7,31,1767,258,184,"C1TA00"
"606",304,57,4,6.6958904109589,12.469387755102,9,14,1815,283,183,"C1U501"
"607",285,74,6,8.13013698630137,17.1531791907514,7,15,2114,269,184,"C1U670"
"608",241,107,17,15.8534246575342,23.8127572016461,23,13,3156.5,290,184,"C1U840"
"609",304,51,10,8.25205479452055,17.0169491525424,13,32,2185.5,276,183,"C1U850"
"610",318,44,3,4.75753424657534,11.3496732026144,5,18,1395.5,284,183,"C1U920"
"611",295,63,7,7.45890410958904,14.4047619047619,11,18,1817.5,273,183,"C1U930"
"612",295,66,4,7.64109589041096,16.9030303030303,10,45,2325.5,301,184,"C1V160"
"613",306,53,6,7.37123287671233,16.815625,8,82,2132,295,184,"C1V170"
"614",296,61,8,10.4712328767123,23.1636363636364,4,42,3158.5,296,187,"C1V190"
"615",325,38,2,4.63150684931507,14.2058823529412,4,45,1333,263,184,"C1V200"
"616",297,62,6,8.56438356164383,19.5375,10,42,2460.5,292,185,"C1V220"
"617",312,48,5,5.98630136986301,16.6793893129771,7,45,1685,271,184,"C1V231"
"618",334,30,1,2.87671232876712,13.125,8,45,690,224,183,"C1V300"
"619",302,56,7,6.95890410958904,19.0977443609023,5,109,2369,287,183,"C1V340"
"620",326,36,3,3.69452054794521,17.0696202531646,2,126,1274,244,183,"C1V390"
"621",308,54,3,5.36575342465753,17.4866071428571,2,126,1855,278,183,"C1V570"
"622",299,59,7,7.76986301369863,17.2926829268293,14,45,2297.5,292,185,"C1V580"
"623",309,50,6,6.8958904109589,18.9248120300752,7,64,2166.5,283,183,"C1V590"
"624",296,64,5,7.33150684931507,16.3170731707317,14,45,2206.5,292,184,"C1V600"
"625",309,46,10,8.53013698630137,20.6192052980132,8,98,2647,279,186,"C1V780"
"626",328,32,5,4.2013698630137,17.6264367816092,2,126,1443.5,255,183,"C1V830"
"627",318,44,3,5.06575342465753,15.155737704918,3,88,1679.5,273,183,"C1X040"
"628",324,35,6,6.64383561643836,14.7865853658537,8,51,2007.5,271,185,"C1Z030"
"629",326,33,6,7.2041095890411,14.6899441340782,10,39,2231,269,185,"C1Z040"
"630",285,73,7,8.96712328767123,15.5118483412322,13,21,2269,278,186,"C1Z110"
"631",321,39,5,6.46301369863014,15.2193548387097,7,43,1942.5,264,187,"C1Z120"
"632",323,36,6,7.16301369863014,17.3145695364238,6,47,2330,261,187,"C1Z130"
"633",247,110,8,15.1260273972603,21.6509803921569,16,7,4027,301,188,"C1Z140"
"634",285,73,7,9.19041095890411,13.9770833333333,15,8,2414,291,185,"C1Z240"
"635",260,35,2,4.79124579124579,17.5679012345679,4,16,1113,241,183,"C0FA50"
"636",251,39,3,5.2098976109215,18.3915662650602,2,37,1435,255,183,"C0R930"
"637",237,34,4,5.73636363636364,15.4656862745098,4,12,1019,253,183,"C0D700"
"638",205,63,7,10.5818181818182,21.8796992481203,5,19,2126.5,270,183,"C0UB10"
"639",175,38,1,5.61915887850467,13.070652173913,0,0,962.5,257,183,"C0AJ90"
