"","X1","X2","X3","X4","X5","stno"
"1",2639.86903006033,19,1.8,4,46,"C0A520"
"2",NA,NA,NA,NA,NA,"C0A530"
"3",NA,NA,NA,NA,NA,"C0A540"
"4",1438.7116445511,0,NA,NA,33,"C0A550"
"5",NA,NA,NA,NA,NA,"C0A560"
"6",NA,NA,NA,NA,NA,"C0A570"
"7",NA,NA,NA,NA,NA,"C0A640"
"8",NA,NA,NA,NA,NA,"C0A650"
"9",NA,NA,1,1,NA,"C0A660"
"10",2726.32075729343,11,1.42857142857143,3,46,"C0A770"
"11",1608.07378070409,1,NA,NA,32,"C0A860"
"12",1339.14112474814,0,NA,NA,31,"C0A870"
"13",NA,NA,2.5,4,NA,"C0A880"
"14",NA,NA,1.76923076923077,5,NA,"C0A890"
"15",NA,NA,2.73333333333333,13,NA,"C0A920"
"16",1549.82002635046,3,1,1,34,"C0A931"
"17",2138.21123194184,4,1,1,38,"C0A940"
"18",NA,NA,4.4375,13,NA,"C0A950"
"19",2274.10307971014,5,1,1,45,"C0A970"
"20",2727.85423677771,15,1.44444444444444,3,46,"C0A980"
"21",NA,NA,2.5,7,NA,"C0A9C0"
"22",NA,NA,3.2,6,NA,"C0A9F0"
"23",778.849752964427,0,NA,NA,24,"C0AC40"
"24",2471.18319155878,5,1.5,2,45,"C0AC60"
"25",2462.41996517975,9,1.6,2,45,"C0AC70"
"26",2289.4526708968,7,1.2,2,43,"C0AC80"
"27",2551.54932630996,26,1.71428571428571,5,46,"C0ACA0"
"28",2281.83080356081,34,2.81818181818182,6,40,"C0AD00"
"29",2531.81818584136,41,1.73913043478261,4,44,"C0AD10"
"30",2858.2337749937,21,1.33333333333333,3,46,"C0AD30"
"31",2577.56882136656,9,1.33333333333333,2,47,"C0AD40"
"32",NA,NA,2.2,7,NA,"C0AD50"
"33",NA,NA,3.4,8,NA,"C0AG80"
"34",NA,NA,1.85714285714286,6,NA,"C0AH00"
"35",2749.22600192981,28,1.58823529411765,4,46,"C0AH10"
"36",1040.97777856202,0,NA,NA,25,"C0AH30"
"37",NA,NA,2.125,4,NA,"C0AH40"
"38",NA,NA,2.25,4,NA,"C0AH50"
"39",NA,NA,1.88888888888889,4,NA,"C0AH70"
"40",NA,NA,1.8,3,NA,"C0AH80"
"41",1068.40163043478,0,NA,NA,29,"C0AH90"
"42",2457.54305828504,5,1,1,45,"C0AI00"
"43",2330.27163972232,3,1,1,43,"C0AI10"
"44",2144.83460144928,19,2,4,42,"C0AI20"
"45",2695.53297520048,28,1.92857142857143,3,46,"C0AI30"
"46",2945.71396400091,52,2.31818181818182,6,48,"C0AI40"
"47",NA,NA,NA,NA,NA,"C0AJ10"
"48",NA,NA,2.90909090909091,11,NA,"C0AJ20"
"49",2351.04402173913,70,4.6,17,43,"C0AJ30"
"50",1892.84736495389,4,1,1,39,"C0AJ40"
"51",2410.62816318464,52,3.4,13,46,"C0AJ50"
"52",2194.16021080369,24,2.09090909090909,6,40,"C0AJ60"
"53",2162.67753623188,26,2.5,6,42,"C0AJ70"
"54",2495.21739130435,15,1.4,2,44,"C0AJ80"
"55",NA,NA,2.90909090909091,7,NA,"C0B010"
"56",NA,NA,1.5,2,NA,"C0B020"
"57",2227.24168445323,14,1.625,4,43,"C0B040"
"58",NA,NA,3.3125,14,NA,"C0B050"
"59",NA,NA,NA,NA,NA,"C0B060"
"60",1596.77116747052,0,NA,NA,37,"C0C460"
"61",2516.92793008955,9,1.14285714285714,2,44,"C0C480"
"62",2285.47098001098,6,1.66666666666667,2,41,"C0C490"
"63",NA,NA,1.8,3,NA,"C0C590"
"64",2388.38976110207,9,1.14285714285714,2,43,"C0C620"
"65",NA,NA,NA,NA,NA,"C0C630"
"66",2087.48361295007,5,1,1,41,"C0C650"
"67",2199.05233286792,15,1.4,3,41,"C0C660"
"68",1997.28221812524,4,1,1,38,"C0C670"
"69",2053.10897552822,6,2,3,39,"C0C680"
"70",2267.37090127309,19,1.63636363636364,3,41,"C0C700"
"71",1982.41814888011,1,NA,NA,39,"C0C710"
"72",2363.38824176548,53,2.68421052631579,7,44,"C0C720"
"73",2345.23814822134,18,2.125,5,42,"C0C730"
"74",2418.88411067194,88,8.6,30,44,"C0C740"
"75",2184.89769433465,39,2.92307692307692,18,40,"C0C750"
"76",1265.39817230096,0,NA,NA,30,"C0D360"
"77",NA,NA,NA,NA,NA,"C0D390"
"78",NA,NA,NA,NA,NA,"C0D430"
"79",1802.91684231941,1,NA,NA,37,"C0D480"
"80",1864.41252265021,0,NA,NA,38,"C0D540"
"81",153.064102238565,0,NA,NA,7,"C0D550"
"82",2395.66933087776,5,1,1,43,"C0D560"
"83",1997.39894162531,1,NA,NA,40,"C0D580"
"84",2086.37695678178,12,3.66666666666667,5,39,"C0D590"
"85",2293.71286206071,41,2.66666666666667,16,42,"C0D650"
"86",2407.13154486425,32,1.55,6,43,"C0D660"
"87",2303.9690599473,36,2.26666666666667,7,42,"C0D670"
"88",2374.40060144928,43,2.21052631578947,12,43,"C0D680"
"89",2250.08467701863,46,2.31578947368421,8,41,"C0D690"
"90",2259.32415785735,13,1.33333333333333,3,42,"C0E420"
"91",1789.17675779996,0,NA,NA,37,"C0E430"
"92",NA,NA,NA,NA,NA,"C0E520"
"93",NA,NA,NA,NA,NA,"C0E540"
"94",2251.38631194892,6,1.33333333333333,2,41,"C0E550"
"95",2333.30565293339,6,1.5,2,43,"C0E590"
"96",NA,NA,NA,NA,NA,"C0E610"
"97",NA,NA,1.75,3,NA,"C0E730"
"98",2392.23743835874,6,1,1,42,"C0E740"
"99",NA,NA,1.375,5,NA,"C0E750"
"100",2224.73221263881,6,1.25,2,41,"C0E780"
"101",2289.19457356526,3,1,1,43,"C0E791"
"102",2156.51125386094,2,NA,NA,42,"C0E810"
"103",1947.923742574,0,NA,NA,38,"C0E820"
"104",2380.17419074347,40,2.29411764705882,10,43,"C0E830"
"105",NA,NA,3,3,NA,"C0E850"
"106",NA,NA,1.125,2,NA,"C0E870"
"107",NA,NA,NA,NA,NA,"C0E880"
"108",2328.50931949934,34,2.53846153846154,7,41,"C0E910"
"109",2325.70300263505,38,2.3125,8,42,"C0E920"
"110",2283.47090382082,19,2.25,7,44,"C0E930"
"111",NA,NA,NA,NA,NA,"C0F000"
"112",NA,NA,NA,NA,NA,"C0F0A0"
"113",NA,NA,NA,NA,NA,"C0F0B0"
"114",1174.60007428562,0,NA,NA,35,"C0F0C0"
"115",0,0,NA,NA,0,"C0F0D0"
"116",0,0,NA,NA,0,"C0F0E0"
"117",2270.41339004131,0,NA,NA,42,"C0F850"
"118",57.018115942029,0,NA,NA,1,"C0F861"
"119",NA,NA,1.33333333333333,3,NA,"C0F930"
"120",2947.85704083868,23,1.22222222222222,3,49,"C0F970"
"121",NA,NA,NA,NA,NA,"C0F9A0"
"122",2453.33353824284,26,1.6,3,45,"C0F9I0"
"123",NA,NA,2.125,7,NA,"C0F9K0"
"124",2402.9925474622,10,1.28571428571429,3,45,"C0F9L0"
"125",2685.99752762588,20,1.11764705882353,2,46,"C0F9M0"
"126",3052.36785507246,9,1.14285714285714,2,49,"C0F9N0"
"127",3005.63976839526,23,1.23529411764706,4,49,"C0F9O0"
"128",2597.50020219273,71,2.53846153846154,8,44,"C0F9P0"
"129",NA,NA,3.75,10,NA,"C0F9Q0"
"130",2733.71107183003,63,2.44,10,46,"C0F9R0"
"131",3176.19758365451,35,1.76470588235294,6,49,"C0F9S0"
"132",2690.47445319656,43,1.33333333333333,4,46,"C0F9T0"
"133",3025.74461293055,23,1.22222222222222,2,49,"C0F9U0"
"134",NA,NA,NA,NA,NA,"C0F9V0"
"135",NA,NA,5,19,NA,"C0F9X0"
"136",0,0,NA,NA,0,"C0F9Y0"
"137",0,0,NA,NA,0,"C0F9Z0"
"138",NA,NA,NA,NA,NA,"C0FA00"
"139",2338.30279841897,45,2.0952380952381,8,44,"C0FA10"
"140",NA,NA,2.35294117647059,9,NA,"C0FA20"
"141",2182.92934033613,56,2.84210526315789,17,44,"C0FA30"
"142",2554.99805194805,45,1.68181818181818,6,44,"C0FA40"
"143",2373.79456785244,0,NA,NA,43,"C0G620"
"144",NA,NA,1.85714285714286,6,NA,"C0G640"
"145",2731.33178430265,4,1,1,46,"C0G650"
"146",2767.9373220547,19,1.23076923076923,3,46,"C0G660"
"147",2545.05005388471,5,1.5,2,45,"C0G720"
"148",2477.10777075813,14,1.625,4,44,"C0G730"
"149",NA,NA,3,13,NA,"C0G740"
"150",2791.88120672564,30,1.45,5,46,"C0G770"
"151",NA,NA,2.6875,12,NA,"C0G780"
"152",NA,NA,3.28571428571429,15,NA,"C0G800"
"153",NA,NA,1.25,3,NA,"C0G810"
"154",NA,NA,19.1428571428571,128,NA,"C0G820"
"155",2708.31490607753,20,1.46153846153846,4,46,"C0G830"
"156",NA,NA,150,150,NA,"C0G840"
"157",NA,NA,1.33333333333333,4,NA,"C0G860"
"158",NA,NA,1,1,NA,"C0G870"
"159",3142.6690276457,20,1.58333333333333,8,52,"C0G880"
"160",NA,NA,2.29411764705882,10,NA,"C0G890"
"161",2698.09772793149,81,2.83333333333333,9,44,"C0G900"
"162",NA,NA,1.78260869565217,6,NA,"C0G910"
"163",2746.02252971031,8,1,1,46,"C0G920"
"164",2546.19335040578,1,NA,NA,46,"C0G940"
"165",2427.20342028985,45,2.15,7,44,"C0G950"
"166",2372.52088735178,29,1.64705882352941,5,43,"C0G960"
"167",2360.37052700922,26,2.27272727272727,4,43,"C0G970"
"168",2197.98613823508,0,NA,NA,46,"C0H890"
"169",NA,NA,NA,NA,NA,"C0H950"
"170",2616.02009552042,1,NA,NA,46,"C0H960"
"171",0,0,NA,NA,0,"C0H990"
"172",NA,NA,NA,NA,NA,"C0H9A0"
"173",NA,NA,NA,NA,NA,"C0H9C0"
"174",539.355615942029,0,NA,NA,23,"C0I010"
"175",NA,NA,NA,NA,NA,"C0I080"
"176",NA,NA,NA,NA,NA,"C0I090"
"177",NA,NA,NA,NA,NA,"C0I110"
"178",NA,NA,NA,NA,NA,"C0I360"
"179",1725.04546398275,0,NA,NA,41,"C0I370"
"180",NA,NA,NA,NA,NA,"C0I380"
"181",919.57452173913,0,NA,NA,32,"C0I390"
"182",NA,NA,NA,NA,NA,"C0I410"
"183",2335.04867859195,0,NA,NA,45,"C0I420"
"184",2740.8607034632,7,2,4,47,"C0I460"
"185",18.5277173913043,0,NA,NA,0,"C0I480"
"186",507.652708258915,0,NA,NA,24,"C0I490"
"187",NA,NA,NA,NA,NA,"C0I520"
"188",0,0,NA,NA,0,"C0I530"
"189",NA,NA,NA,NA,NA,"C0I540"
"190",NA,NA,NA,NA,NA,"C0K240"
"191",2492.4790174548,2,1,1,46,"C0K250"
"192",2673.4382382045,5,4,4,46,"C0K280"
"193",NA,NA,2.85,9,NA,"C0K291"
"194",2695.77911923584,8,1.16666666666667,2,46,"C0K330"
"195",2600.07190447958,6,1.25,2,46,"C0K390"
"196",2592.58434470119,4,3,3,46,"C0K400"
"197",2613.77044941405,21,1.63636363636364,4,46,"C0K410"
"198",2589.93978302476,7,2,4,45,"C0K420"
"199",2511.32671002246,16,1.875,4,45,"C0K430"
"200",2503.41927850258,11,1.66666666666667,4,44,"C0K440"
"201",2546.4137430967,4,1.5,2,44,"C0K450"
"202",NA,NA,9.33333333333333,26,NA,"C0K460"
"203",2449.05264163373,0,NA,NA,45,"C0K470"
"204",2457.84892646967,3,1,1,43,"C0K480"
"205",2613.64549029563,12,1.57142857142857,5,46,"C0K500"
"206",2609.96742404774,24,1.33333333333333,5,46,"C0K510"
"207",NA,NA,3.92857142857143,26,NA,"C0K530"
"208",2641.99774321334,10,1.8,4,46,"C0K550"
"209",2537.88720465195,1,NA,NA,46,"C0K560"
"210",2449.41887483531,2,1,1,44,"C0K580"
"211",2650.40446734425,13,1.71428571428571,6,46,"C0K590"
"212",2490.61019217015,67,3.47368421052632,11,44,"C0K600"
"213",NA,NA,NA,NA,NA,"C0M410"
"214",NA,NA,3.33333333333333,8,NA,"C0M520"
"215",543.290280110906,0,NA,NA,26,"C0M530"
"216",2493.01035995621,0,NA,NA,44,"C0M640"
"217",2573.31974049749,9,1.6,4,44,"C0M650"
"218",2568.31690442723,6,1.66666666666667,3,46,"C0M660"
"219",2671.75737877127,3,1,1,46,"C0M670"
"220",2699.66753218521,6,2.5,4,46,"C0M680"
"221",2622.41175249388,1,NA,NA,46,"C0M690"
"222",2421.60254061207,0,NA,NA,45,"C0M700"
"223",2657.22841047117,68,3.47368421052632,11,46,"C0M710"
"224",2389.2864900503,0,NA,NA,43,"C0M720"
"225",NA,NA,NA,NA,NA,"C0M730"
"226",2604.49255854888,14,1.33333333333333,3,46,"C0M740"
"227",NA,NA,2.75,8,NA,"C0M750"
"228",2681.60469994981,2,1,1,46,"C0M760"
"229",2466.59711594203,1,NA,NA,44,"C0M770"
"230",2774.00640476161,6,1,1,46,"C0M780"
"231",NA,NA,1,1,NA,"C0M790"
"232",2076.36033600305,0,NA,NA,48,"C0M800"
"233",612.335006117071,0,NA,NA,28,"C0M810"
"234",1152.31146559663,0,NA,NA,38,"C0M820"
"235",1625.86232486354,0,NA,NA,41,"C0M850"
"236",1869.2531198946,0,NA,NA,42,"C0M860"
"237",2595.07992885376,71,5.23076923076923,14,45,"C0M880"
"238",2636.98466930171,72,3.63157894736842,9,45,"C0N010"
"239",2645.02114379823,71,3.47058823529412,13,45,"C0N020"
"240",2693.48082947487,80,4.85714285714286,14,46,"C0N030"
"241",2551.04036147186,72,3.63157894736842,13,45,"C0N040"
"242",2523.66035243742,72,4.3125,13,44,"C0N050"
"243",NA,NA,NA,NA,NA,"C0O810"
"244",NA,NA,NA,NA,NA,"C0O830"
"245",3058.64134697911,25,1.84615384615385,5,49,"C0O840"
"246",NA,NA,2.75,14,NA,"C0O860"
"247",NA,NA,7,13,NA,"C0O900"
"248",NA,NA,1,1,NA,"C0O930"
"249",NA,NA,2,7,NA,"C0O950"
"250",2781.0016916055,4,1,1,48,"C0O960"
"251",2617.87030574285,1,NA,NA,47,"C0O970"
"252",3068.36006022963,8,1.4,3,52,"C0O980"
"253",2757.00875590025,4,NA,NA,49,"C0O990"
"254",NA,NA,NA,NA,NA,"C0R100"
"255",NA,NA,NA,NA,NA,"C0R130"
"256",1473.28600310064,0,NA,NA,40,"C0R140"
"257",NA,NA,NA,NA,NA,"C0R150"
"258",2947.21801822753,5,1.33333333333333,2,52,"C0R160"
"259",NA,NA,6.4,24,NA,"C0R170"
"260",NA,NA,8,8,NA,"C0R190"
"261",3176.46041514524,9,1,1,52,"C0R220"
"262",NA,NA,NA,NA,NA,"C0R240"
"263",2871.49200034145,4,1,1,52,"C0R260"
"264",3064.27134008732,15,1.55555555555556,4,52,"C0R270"
"265",2238.42991304348,0,NA,NA,50,"C0R280"
"266",NA,NA,1.83333333333333,3,NA,"C0R320"
"267",2321.53050592885,0,NA,NA,51,"C0R341"
"268",3132.32468115942,33,2.13333333333333,6,53,"C0R350"
"269",169.383432147563,0,NA,NA,10,"C0R440"
"270",2980.78305477132,1,NA,NA,52,"C0R470"
"271",NA,NA,8,8,NA,"C0R480"
"272",NA,NA,1.8,4,NA,"C0R490"
"273",NA,NA,NA,NA,NA,"C0R510"
"274",NA,NA,1.6,4,NA,"C0R520"
"275",2906.34514624506,10,1.5,3,52,"C0R540"
"276",3256.62699218052,12,1.375,4,52,"C0R550"
"277",3237.8740687539,35,1.78947368421053,5,52,"C0R560"
"278",3138.90343131015,6,1,1,52,"C0R570"
"279",3048.5636977854,12,1.33333333333333,2,52,"C0R580"
"280",NA,NA,1.33333333333333,2,NA,"C0R590"
"281",1520.88013354037,0,NA,NA,40,"C0R600"
"282",3008.55855072464,36,2.125,9,53,"C0R620"
"283",3030.30556164126,43,2.5625,10,52,"C0R640"
"284",2962.04200734049,5,2,3,52,"C0R650"
"285",NA,NA,1.2,2,NA,"C0R660"
"286",2993.05950724638,26,1.92307692307692,5,52,"C0R670"
"287",3101.13086231884,41,2.6,6,52,"C0R680"
"288",2337.72847826087,0,NA,NA,52,"C0R690"
"289",3064.03722463768,23,2.2,5,53,"C0R700"
"290",2806.83504347826,13,2,6,52,"C0R710"
"291",2355.8005942029,4,NA,NA,52,"C0R720"
"292",NA,NA,1.5,2,NA,"C0R730"
"293",3025.21113043478,29,2.27272727272727,5,52,"C0R740"
"294",1614.98300724638,0,NA,NA,41,"C0R750"
"295",2007.4821884058,0,NA,NA,46,"C0R760"
"296",2696.71507839262,12,2.5,4,52,"C0R770"
"297",NA,NA,2.45454545454545,5,NA,"C0R780"
"298",2806.17638339921,21,1.66666666666667,4,52,"C0R790"
"299",2737.16090893591,14,1.85714285714286,4,52,"C0R800"
"300",2982.66870289855,17,2.28571428571429,5,52,"C0R810"
"301",1863.48283385001,0,NA,NA,47,"C0R820"
"302",1889.25680039526,0,NA,NA,45,"C0R830"
"303",NA,NA,NA,NA,NA,"C0R840"
"304",2847.82376284585,4,1,1,52,"C0R850"
"305",3004.21366600294,55,2.55,7,52,"C0R860"
"306",3031.2790728402,51,2.28571428571429,9,52,"C0R870"
"307",3084.38545586298,59,2.59090909090909,13,53,"C0R880"
"308",3047.23633069829,50,3.0625,13,52,"C0R890"
"309",3320.40990664408,61,2.30769230769231,12,53,"C0R900"
"310",3009.08371212121,29,2.33333333333333,10,52,"C0R910"
"311",2938.66805599473,24,1.53846153846154,4,52,"C0R920"
"312",2976.06117588933,19,2.25,6,52,"C0R940"
"313",1225.61829710145,0,NA,NA,32,"C0S660"
"314",NA,NA,NA,NA,NA,"C0S690"
"315",1688.81327536232,1,NA,NA,40,"C0S700"
"316",1906.87734782609,0,NA,NA,42,"C0S710"
"317",2647.14050263505,5,1.33333333333333,2,52,"C0S730"
"318",2025.46364822134,0,NA,NA,43,"C0S740"
"319",16.7708333333333,0,NA,NA,1,"C0S750"
"320",316.36268115942,0,NA,NA,19,"C0S760"
"321",1850.97082608696,0,NA,NA,44,"C0S770"
"322",NA,NA,NA,NA,NA,"C0S790"
"323",NA,NA,NA,NA,NA,"C0S810"
"324",NA,NA,NA,NA,NA,"C0S830"
"325",2910.95118181818,4,3,3,52,"C0S840"
"326",2224.65042028985,0,NA,NA,46,"C0S890"
"327",NA,NA,3.15,15,NA,"C0S900"
"328",2547.35688405797,4,3,3,52,"C0S910"
"329",NA,NA,NA,NA,NA,"C0S920"
"330",2193.83946047431,0,NA,NA,46,"C0S930"
"331",NA,NA,NA,NA,NA,"C0S940"
"332",1790.34819960474,0,NA,NA,41,"C0S950"
"333",2861.76426086957,25,2,6,52,"C0S960"
"334",2873.37654347826,7,2,3,52,"C0S970"
"335",940.001992753623,0,NA,NA,31,"C0S980"
"336",1937.2575,0,NA,NA,45,"C0S990"
"337",NA,NA,NA,NA,NA,"C0SA00"
"338",NA,NA,NA,NA,NA,"C0SA10"
"339",1098.63224637681,0,NA,NA,31,"C0SA20"
"340",NA,NA,2.25,3,NA,"C0SA30"
"341",2233.39512949369,0,NA,NA,46,"C0SA40"
"342",2795.09382608696,0,NA,NA,52,"C0SA60"
"343",2367.84484057971,1,NA,NA,50,"C0SA80"
"344",1697.90806521739,0,NA,NA,41,"C0SA90"
"345",0,0,NA,NA,0,"C0T790"
"346",1478.93724901186,0,NA,NA,34,"C0T820"
"347",1721.48489855072,0,NA,NA,40,"C0T870"
"348",2105.14639130435,0,NA,NA,44,"C0T900"
"349",NA,NA,NA,NA,NA,"C0T960"
"350",1507.5856884058,0,NA,NA,35,"C0T9A0"
"351",1417.05054347826,0,NA,NA,36,"C0T9B0"
"352",NA,NA,NA,NA,NA,"C0T9D0"
"353",1595.28007246377,0,NA,NA,38,"C0T9E0"
"354",NA,NA,NA,NA,NA,"C0T9F0"
"355",1398.66721014493,0,NA,NA,34,"C0T9G0"
"356",NA,NA,NA,NA,NA,"C0T9H0"
"357",NA,NA,NA,NA,NA,"C0T9I0"
"358",NA,NA,NA,NA,NA,"C0T9M0"
"359",2061.52758629776,0,NA,NA,43,"C0T9N0"
"360",NA,NA,NA,NA,NA,"C0U520"
"361",2169.88306935818,3,2,2,42,"C0U600"
"362",1570.87613636364,0,NA,NA,32,"C0U650"
"363",83.5585144927536,0,NA,NA,4,"C0U710"
"364",733.729166666667,0,NA,NA,22,"C0U720"
"365",1445.94927536232,0,NA,NA,34,"C0U750"
"366",2103.19189615508,1,NA,NA,41,"C0U760"
"367",2194.74996245059,0,NA,NA,45,"C0U770"
"368",NA,NA,2,2,NA,"C0U780"
"369",2299.06441304348,3,1,1,45,"C0U860"
"370",1486.83242753623,0,NA,NA,33,"C0U870"
"371",2364.33090184453,20,2.11111111111111,5,46,"C0U880"
"372",2073.43605072464,0,NA,NA,41,"C0U890"
"373",NA,NA,1,1,NA,"C0U900"
"374",2319.97336956522,7,1.2,2,44,"C0U910"
"375",2352.82047101449,1,NA,NA,43,"C0U940"
"376",739.369202898551,0,NA,NA,22,"C0U950"
"377",114.9,0,NA,NA,5,"C0U960"
"378",2203.95744202899,5,1.5,2,44,"C0U970"
"379",1263.65,0,NA,NA,30,"C0U980"
"380",NA,NA,1,1,NA,"C0U990"
"381",1693.48242753623,0,NA,NA,34,"C0UA00"
"382",192.183333333333,0,NA,NA,14,"C0UA10"
"383",0,0,NA,NA,0,"C0UA20"
"384",538.454166666667,0,NA,NA,21,"C0UA30"
"385",739.85,0,NA,NA,22,"C0UA40"
"386",1076.44216073781,0,NA,NA,29,"C0UA50"
"387",1395.25404787908,0,NA,NA,33,"C0UA60"
"388",1226.12644927536,0,NA,NA,30,"C0UA70"
"389",2373.69086890646,47,3.75,14,46,"C0UA80"
"390",2374.59873583663,30,2.63636363636364,10,45,"C0UA90"
"391",1602.26472332016,0,NA,NA,36,"C0UB00"
"392",2150.20134726143,7,2,3,43,"C0UB20"
"393",NA,NA,NA,NA,NA,"C0V210"
"394",NA,NA,NA,NA,NA,"C0V250"
"395",NA,NA,NA,NA,NA,"C0V260"
"396",3206.4706544752,6,2.5,4,52,"C0V310"
"397",2907.02965806529,3,NA,NA,52,"C0V350"
"398",NA,NA,NA,NA,NA,"C0V360"
"399",NA,NA,2,2,NA,"C0V370"
"400",2802.08101618671,10,1.2,2,48,"C0V400"
"401",3052.89666468791,7,1,1,51,"C0V440"
"402",2970.56865826882,5,1,1,52,"C0V450"
"403",3283.21615933609,84,3.19230769230769,9,52,"C0V490"
"404",3229.13932542819,23,1.57142857142857,7,52,"C0V530"
"405",3185.20541653541,74,2.88,15,50,"C0V610"
"406",3042.11071559964,71,3.45,10,51,"C0V620"
"407",2871.54271588556,44,2.27777777777778,5,48,"C0V630"
"408",2772.01996649727,11,1.4,3,48,"C0V640"
"409",NA,NA,3.09090909090909,12,NA,"C0V650"
"410",3201.79409241483,30,1.45,5,52,"C0V660"
"411",3116.59382003584,35,1.78947368421053,5,51,"C0V680"
"412",2915.64190711462,69,4.0625,15,50,"C0V690"
"413",3207.64171400586,81,3.20833333333333,11,52,"C0V700"
"414",3367.366873706,67,2.12903225806452,5,52,"C0V710"
"415",3222.77350291737,32,1.82352941176471,5,53,"C0V720"
"416",3107.62182509881,15,1.55555555555556,5,52,"C0V730"
"417",3256.80233221364,6,2.5,4,52,"C0V740"
"418",3238.08023887783,31,1.42857142857143,6,52,"C0V750"
"419",3260.78210050819,24,1.27777777777778,5,52,"C0V760"
"420",3024.99092869673,14,1.3,4,51,"C0V770"
"421",2341.72725663467,0,NA,NA,49,"C0V790"
"422",2738.42586216447,0,NA,NA,52,"C0V800"
"423",NA,NA,4.75,18,NA,"C0V810"
"424",2214.86834716733,0,NA,NA,48,"C0V820"
"425",3028.04177978543,39,2.64285714285714,7,52,"C0V840"
"426",2737.41843675889,52,3.26666666666667,10,48,"C0V850"
"427",2775.08670355731,54,3.1875,10,48,"C0V860"
"428",2833.86164822134,70,3.47368421052632,10,48,"C0V870"
"429",2897.73260474308,47,2.42105263157895,10,49,"C0V880"
"430",3065.1752859025,65,3.05,12,52,"C0V890"
"431",2956.71844598155,32,2.38461538461538,7,52,"C0V900"
"432",NA,NA,1.89473684210526,5,NA,"C0W110"
"433",2301.80219467221,12,1.375,3,43,"C0W120"
"434",NA,NA,2.6,5,NA,"C0W130"
"435",2088.55176155921,32,2.06666666666667,7,37,"C0W140"
"436",NA,NA,2.68421052631579,10,NA,"C0W150"
"437",NA,NA,14.875,107,NA,"C0W160"
"438",2688.95877737823,1,NA,NA,47,"C0X050"
"439",2740.48254296066,4,NA,NA,47,"C0X060"
"440",2749.86760671937,10,2.25,6,46,"C0X080"
"441",3006.5799924713,83,3.15384615384615,17,48,"C0X100"
"442",3086.58011530803,72,3.08695652173913,14,50,"C0X110"
"443",3046.42773411499,27,1.52941176470588,5,48,"C0X120"
"444",2926.50988642555,5,2,3,48,"C0X130"
"445",2865.02359672332,16,1.36363636363636,5,47,"C0X140"
"446",2893.29740111264,26,1.31578947368421,5,46,"C0X150"
"447",NA,NA,2.125,7,NA,"C0X160"
"448",2806.29510270241,6,2.5,4,47,"C0X170"
"449",NA,NA,5.66666666666667,11,NA,"C0X180"
"450",2822.44262911726,70,3.94117647058824,11,46,"C0X190"
"451",2853.7259391273,4,NA,NA,47,"C0X200"
"452",NA,NA,1,1,NA,"C0X210"
"453",2559.31911307419,20,1.9,5,44,"C0X220"
"454",NA,NA,2.75,5,NA,"C0X230"
"455",1979.39958545078,0,NA,NA,42,"C0X240"
"456",2781.59318230354,17,1.45454545454545,5,46,"C0X250"
"457",2667.38454119488,4,1.5,2,46,"C0X260"
"458",2604.5722826087,36,2.05882352941176,5,45,"C0X280"
"459",2686.65875362319,58,3.5625,13,46,"C0X290"
"460",2507.08503283406,0,NA,NA,46,"C0X300"
"461",2692.31639130435,62,3,8,46,"C0X310"
"462",2738.03187459261,2,1,1,47,"C0X320"
"463",NA,NA,NA,NA,NA,"C0Z020"
"464",NA,NA,NA,NA,NA,"C0Z050"
"465",NA,NA,NA,NA,NA,"C0Z061"
"466",1967.61528985507,0,NA,NA,42,"C0Z070"
"467",NA,NA,NA,NA,NA,"C0Z080"
"468",2330.59897101449,0,NA,NA,47,"C0Z100"
"469",2338.7764057971,2,1,1,48,"C0Z150"
"470",NA,NA,NA,NA,NA,"C0Z160"
"471",NA,NA,NA,NA,NA,"C0Z170"
"472",2408.45042753623,3,1,1,49,"C0Z180"
"473",2376.27053623188,6,1.66666666666667,3,48,"C0Z190"
"474",NA,NA,NA,NA,NA,"C0Z200"
"475",2199.33196376812,0,NA,NA,43,"C0Z210"
"476",NA,NA,NA,NA,NA,"C0Z220"
"477",2548.70815942029,27,2,5,51,"C0Z230"
"478",664.543297101449,0,NA,NA,22,"C0Z250"
"479",NA,NA,NA,NA,NA,"C0Z270"
"480",2081.15751910408,0,NA,NA,43,"C0Z280"
"481",954.971195652174,0,NA,NA,30,"C0Z290"
"482",NA,NA,NA,NA,NA,"C0Z300"
"483",2386.10083333333,0,NA,NA,51,"C0Z310"
"484",NA,NA,NA,NA,NA,"C0Z320"
"485",1628.86358695652,0,NA,NA,37,"C0Z330"
"486",NA,NA,NA,NA,NA,"C1A630"
"487",NA,NA,NA,NA,NA,"C1A750"
"488",NA,NA,NA,NA,NA,"C1A760"
"489",NA,NA,NA,NA,NA,"C1A9N0"
"490",NA,NA,NA,NA,NA,"C1AC50"
"491",NA,NA,NA,NA,NA,"C1AI50"
"492",NA,NA,NA,NA,NA,"C1AI60"
"493",NA,NA,NA,NA,NA,"C1C510"
"494",NA,NA,NA,NA,NA,"C1D380"
"495",NA,NA,NA,NA,NA,"C1D400"
"496",NA,NA,NA,NA,NA,"C1D410"
"497",NA,NA,NA,NA,NA,"C1D420"
"498",NA,NA,NA,NA,NA,"C1D630"
"499",NA,NA,NA,NA,NA,"C1D640"
"500",NA,NA,NA,NA,NA,"C1E451"
"501",NA,NA,NA,NA,NA,"C1E461"
"502",NA,NA,NA,NA,NA,"C1E480"
"503",NA,NA,NA,NA,NA,"C1E511"
"504",NA,NA,NA,NA,NA,"C1E601"
"505",NA,NA,NA,NA,NA,"C1E670"
"506",NA,NA,NA,NA,NA,"C1E681"
"507",NA,NA,NA,NA,NA,"C1E691"
"508",NA,NA,NA,NA,NA,"C1E701"
"509",NA,NA,NA,NA,NA,"C1E711"
"510",NA,NA,NA,NA,NA,"C1E721"
"511",NA,NA,NA,NA,NA,"C1E770"
"512",NA,NA,NA,NA,NA,"C1E890"
"513",NA,NA,NA,NA,NA,"C1E900"
"514",NA,NA,NA,NA,NA,"C1F871"
"515",NA,NA,NA,NA,NA,"C1F891"
"516",NA,NA,NA,NA,NA,"C1F911"
"517",NA,NA,NA,NA,NA,"C1F941"
"518",NA,NA,NA,NA,NA,"C1F9B1"
"519",NA,NA,NA,NA,NA,"C1F9C1"
"520",NA,NA,NA,NA,NA,"C1F9D1"
"521",NA,NA,NA,NA,NA,"C1F9E1"
"522",NA,NA,NA,NA,NA,"C1F9F1"
"523",NA,NA,NA,NA,NA,"C1F9G1"
"524",NA,NA,NA,NA,NA,"C1F9J1"
"525",NA,NA,NA,NA,NA,"C1F9W0"
"526",NA,NA,NA,NA,NA,"C1G691"
"527",NA,NA,NA,NA,NA,"C1G9D0"
"528",NA,NA,NA,NA,NA,"C1H000"
"529",NA,NA,NA,NA,NA,"C1H840"
"530",NA,NA,NA,NA,NA,"C1H860"
"531",NA,NA,NA,NA,NA,"C1H900"
"532",NA,NA,NA,NA,NA,"C1H920"
"533",NA,NA,NA,NA,NA,"C1H941"
"534",NA,NA,NA,NA,NA,"C1H971"
"535",NA,NA,NA,NA,NA,"C1H9B1"
"536",NA,NA,NA,NA,NA,"C1I020"
"537",NA,NA,NA,NA,NA,"C1I030"
"538",NA,NA,NA,NA,NA,"C1I050"
"539",NA,NA,NA,NA,NA,"C1I070"
"540",NA,NA,NA,NA,NA,"C1I101"
"541",NA,NA,NA,NA,NA,"C1I121"
"542",NA,NA,NA,NA,NA,"C1I131"
"543",NA,NA,NA,NA,NA,"C1I140"
"544",NA,NA,NA,NA,NA,"C1I150"
"545",NA,NA,NA,NA,NA,"C1I201"
"546",NA,NA,NA,NA,NA,"C1I211"
"547",NA,NA,NA,NA,NA,"C1I220"
"548",NA,NA,NA,NA,NA,"C1I230"
"549",NA,NA,NA,NA,NA,"C1I240"
"550",NA,NA,NA,NA,NA,"C1I250"
"551",NA,NA,NA,NA,NA,"C1I260"
"552",NA,NA,NA,NA,NA,"C1I280"
"553",NA,NA,NA,NA,NA,"C1I290"
"554",NA,NA,NA,NA,NA,"C1I310"
"555",NA,NA,NA,NA,NA,"C1I320"
"556",NA,NA,NA,NA,NA,"C1I330"
"557",NA,NA,NA,NA,NA,"C1I340"
"558",NA,NA,NA,NA,NA,"C1I400"
"559",NA,NA,NA,NA,NA,"C1I430"
"560",NA,NA,NA,NA,NA,"C1I440"
"561",NA,NA,NA,NA,NA,"C1I450"
"562",NA,NA,NA,NA,NA,"C1I470"
"563",NA,NA,NA,NA,NA,"C1I500"
"564",NA,NA,NA,NA,NA,"C1I510"
"565",NA,NA,NA,NA,NA,"C1I550"
"566",NA,NA,NA,NA,NA,"C1K540"
"567",NA,NA,NA,NA,NA,"C1M390"
"568",NA,NA,NA,NA,NA,"C1M400"
"569",NA,NA,NA,NA,NA,"C1M480"
"570",NA,NA,NA,NA,NA,"C1M600"
"571",NA,NA,NA,NA,NA,"C1M610"
"572",NA,NA,NA,NA,NA,"C1M620"
"573",NA,NA,NA,NA,NA,"C1M640"
"574",NA,NA,NA,NA,NA,"C1M870"
"575",NA,NA,NA,NA,NA,"C1N001"
"576",NA,NA,NA,NA,NA,"C1O850"
"577",NA,NA,NA,NA,NA,"C1O870"
"578",NA,NA,NA,NA,NA,"C1O880"
"579",NA,NA,NA,NA,NA,"C1O921"
"580",NA,NA,NA,NA,NA,"C1O940"
"581",NA,NA,NA,NA,NA,"C1R110"
"582",NA,NA,NA,NA,NA,"C1R120"
"583",NA,NA,NA,NA,NA,"C1R250"
"584",NA,NA,NA,NA,NA,"C1R290"
"585",NA,NA,NA,NA,NA,"C1R610"
"586",NA,NA,NA,NA,NA,"C1R630"
"587",NA,NA,NA,NA,NA,"C1S670"
"588",NA,NA,NA,NA,NA,"C1S800"
"589",NA,NA,NA,NA,NA,"C1S820"
"590",NA,NA,NA,NA,NA,"C1S850"
"591",NA,NA,NA,NA,NA,"C1S860"
"592",NA,NA,NA,NA,NA,"C1S870"
"593",NA,NA,NA,NA,NA,"C1S880"
"594",NA,NA,NA,NA,NA,"C1SA50"
"595",NA,NA,NA,NA,NA,"C1SA70"
"596",NA,NA,NA,NA,NA,"C1T800"
"597",NA,NA,NA,NA,NA,"C1T810"
"598",NA,NA,NA,NA,NA,"C1T830"
"599",NA,NA,NA,NA,NA,"C1T920"
"600",NA,NA,NA,NA,NA,"C1T940"
"601",NA,NA,NA,NA,NA,"C1T950"
"602",NA,NA,NA,NA,NA,"C1T970"
"603",NA,NA,NA,NA,NA,"C1T980"
"604",NA,NA,NA,NA,NA,"C1T990"
"605",NA,NA,NA,NA,NA,"C1TA00"
"606",NA,NA,NA,NA,NA,"C1U501"
"607",NA,NA,NA,NA,NA,"C1U670"
"608",NA,NA,NA,NA,NA,"C1U840"
"609",NA,NA,NA,NA,NA,"C1U850"
"610",NA,NA,NA,NA,NA,"C1U920"
"611",NA,NA,NA,NA,NA,"C1U930"
"612",NA,NA,NA,NA,NA,"C1V160"
"613",NA,NA,NA,NA,NA,"C1V170"
"614",NA,NA,NA,NA,NA,"C1V190"
"615",NA,NA,NA,NA,NA,"C1V200"
"616",NA,NA,NA,NA,NA,"C1V220"
"617",NA,NA,NA,NA,NA,"C1V231"
"618",NA,NA,NA,NA,NA,"C1V300"
"619",NA,NA,NA,NA,NA,"C1V340"
"620",NA,NA,NA,NA,NA,"C1V390"
"621",NA,NA,NA,NA,NA,"C1V570"
"622",NA,NA,NA,NA,NA,"C1V580"
"623",NA,NA,NA,NA,NA,"C1V590"
"624",NA,NA,NA,NA,NA,"C1V600"
"625",NA,NA,NA,NA,NA,"C1V780"
"626",NA,NA,NA,NA,NA,"C1V830"
"627",NA,NA,NA,NA,NA,"C1X040"
"628",NA,NA,NA,NA,NA,"C1Z030"
"629",NA,NA,NA,NA,NA,"C1Z040"
"630",NA,NA,NA,NA,NA,"C1Z110"
"631",NA,NA,NA,NA,NA,"C1Z120"
"632",NA,NA,NA,NA,NA,"C1Z130"
"633",NA,NA,NA,NA,NA,"C1Z140"
"634",NA,NA,NA,NA,NA,"C1Z240"
"635",NA,NA,NA,NA,NA,"C0FA50"
"636",2942.67172539055,17,1.45454545454545,4,42,"C0R930"
"637",2046.25812249905,2,1,1,37,"C0D700"
"638",2136.96630425372,12,1.28571428571429,3,39,"C0UB10"
"639",1767.62254413702,17,1.875,4,30,"C0AJ90"
